-212.18302 -212.18302
 -213.23293 -213.23293
 -212.50211 -212.50211
 -213.31213 -213.31213
 -212.83124 -212.83124
 -213.25164 -213.25164
 -212.41547 -212.41547
 -213.20049 -213.20049
 -212.82798 -212.82798
 -212.88317 -212.88317
 -212.4052 -212.4052
 -213.1947 -213.1947
 -212.68347 -212.68347
 -213.07031 -213.07031
 -213.17389 -213.17389
 -213.2285 -213.2285
 -212.27901 -212.27901
 -212.36061 -212.36061
 -213.60539 -213.60539
 -213.06598 -213.06598
 -212.52446 -212.52446
 -212.9349 -212.9349
 -212.96845 -212.96845
 -213.06211 -213.06211
 -212.90137 -212.90137
 -212.47406 -212.47406
 -212.75931 -212.75931
 -212.95215 -212.95215
 -213.214 -213.214
 -213.21489 -213.21489
 -212.71793 -212.71793
 -213.46777 -213.46777
 -212.79473 -212.79473
 -212.75808 -212.75808
 -213.47634 -213.47634
 -213.15929 -213.15929
 -212.98843 -212.98843
 -213.12263 -213.12263
 -213.1166 -213.1166
 -212.53637 -212.53637
 -213.11958 -213.11958
 -213.7131 -213.7131
 -212.80237 -212.80237
 -213.14155 -213.14155
 -213.25314 -213.25314
 -213.16224 -213.16224
 -213.04497 -213.04497
 -212.96415 -212.96415
 -212.58046 -212.58046
 -213.27969 -213.27969
 -212.93078 -212.93078
 -213.60085 -213.60085
 -212.90624 -212.90624
 -212.84553 -212.84553
 -212.44358 -212.44358
 -212.50741 -212.50741
 -213.57426 -213.57426
 -213.00015 -213.00015
 -213.21756 -213.21756
 -212.8231 -212.8231
 -212.69467 -212.69467
 -213.09778 -213.09778
 -213.49828 -213.49828
 -212.93143 -212.93143
 -212.49379 -212.49379
 -213.48285 -213.48285
 -212.86835 -212.86835
 -213.2309 -213.2309
 -212.70011 -212.70011
 -212.88941 -212.88941
 -213.42906 -213.42906
 -212.49376 -212.49376
 -212.72811 -212.72811
 -212.16964 -212.16964
 -213.47617 -213.47617
 -212.54753 -212.54753
 -213.28605 -213.28605
 -212.75156 -212.75156
 -212.62902 -212.62902
 -213.28641 -213.28641
 -212.72214 -212.72214
 -213.38269 -213.38269
 -213.29343 -213.29343
 -213.25642 -213.25642
 -213.19757 -213.19757
 -213.19537 -213.19537
 -212.69021 -212.69021
 -212.91831 -212.91831
 -212.96386 -212.96386
 -213.32082 -213.32082
 -212.43794 -212.43794
 -213.4707 -213.4707
 -212.22521 -212.22521
 -212.81442 -212.81442
 -212.95147 -212.95147
 -212.8333 -212.8333
 -212.68333 -212.68333
 -213.03945 -213.03945
 -212.33031 -212.33031
 -213.17595 -213.17595
 -212.89831 -212.89831
 -212.91206 -212.91206
 -212.84034 -212.84034
 -212.97433 -212.97433
 -212.28825 -212.28825
 -213.311 -213.311
 -212.03582 -212.03582
 -213.00893 -213.00893
 -213.23904 -213.23904
 -213.06216 -213.06216
 -212.39412 -212.39412
 -212.99419 -212.99419
 -212.58483 -212.58483
 -213.4555 -213.4555
 -213.11861 -213.11861
 -212.86065 -212.86065
 -212.66754 -212.66754
 -212.94782 -212.94782
 -212.85694 -212.85694
 -213.37505 -213.37505
 -213.54241 -213.54241
 -212.83203 -212.83203
 -213.05641 -213.05641
 -212.6687 -212.6687
 -212.24209 -212.24209
 -213.24931 -213.24931
 -212.94804 -212.94804
 -212.89949 -212.89949
 -213.34328 -213.34328
 -212.94068 -212.94068
 -212.98143 -212.98143
 -213.34815 -213.34815
 -213.64711 -213.64711
 -212.92482 -212.92482
 -212.31358 -212.31358
 -212.80559 -212.80559
 -213.2768 -213.2768
 -213.41944 -213.41944
 -212.6996 -212.6996
 -213.32175 -213.32175
 -212.4563 -212.4563
 -212.8211 -212.8211
 -212.93203 -212.93203
 -212.42533 -212.42533
 -212.84803 -212.84803
 -213.19803 -213.19803
 -213.01987 -213.01987
 -212.91675 -212.91675
 -212.6567 -212.6567
 -213.46112 -213.46112
 -212.75173 -212.75173
 -213.39424 -213.39424
 -212.7831 -212.7831
 -212.4848 -212.4848
 -213.24721 -213.24721
 -212.5632 -212.5632
 -213.21139 -213.21139
 -213.14924 -213.14924
 -213.04462 -213.04462
 -212.78136 -212.78136
 -212.67889 -212.67889
 -213.60898 -213.60898
 -212.6114 -212.6114
 -212.58865 -212.58865
 -212.65309 -212.65309
 -213.60696 -213.60696
 -212.82675 -212.82675
 -213.56586 -213.56586
 -212.39914 -212.39914
 -213.30673 -213.30673
 -212.5232 -212.5232
 -212.6998 -212.6998
 -212.95934 -212.95934
 -212.9832 -212.9832
 -213.56535 -213.56535
 -212.92551 -212.92551
 -212.69549 -212.69549
 -213.35515 -213.35515
 -212.94357 -212.94357
 -213.46492 -213.46492
 -212.51084 -212.51084
 -212.47478 -212.47478
 -212.91143 -212.91143
 -211.67898 -211.67898
 -213.11941 -213.11941
 -212.04016 -212.04016
 -213.37718 -213.37718
 -213.32358 -213.32358
 -213.45477 -213.45477
 -212.99044 -212.99044
 -213.31499 -213.31499
 -212.0507 -212.0507
 -213.26491 -213.26491
 -212.23887 -212.23887
 -213.11327 -213.11327
 -212.09917 -212.09917
 -213.15479 -213.15479
 -212.5158 -212.5158
 -213.05916 -213.05916
 -212.04206 -212.04206
 -213.06138 -213.06138
 -212.91956 -212.91956
 -213.02423 -213.02423
 -212.51095 -212.51095
 -213.02645 -213.02645
 -212.26002 -212.26002
 -213.2721 -213.2721
 -212.93932 -212.93932
 -212.3306 -212.3306
 -213.23331 -213.23331
 -212.70719 -212.70719
 -213.19167 -213.19167
 -212.43931 -212.43931
 -213.18994 -213.18994
 -212.42213 -212.42213
 -213.40063 -213.40063
 -212.64342 -212.64342
 -213.00722 -213.00722
 -212.54888 -212.54888
 -212.75891 -212.75891
 -212.63908 -212.63908
 -213.01039 -213.01039
 -212.81272 -212.81272
 -212.75788 -212.75788
 -213.12881 -213.12881
 -213.40406 -213.40406
 -212.83919 -212.83919
 -213.2672 -213.2672
 -213.61131 -213.61131
 -212.53279 -212.53279
 -213.11077 -213.11077
 -212.30803 -212.30803
 -213.17476 -213.17476
 -213.17556 -213.17556
 -212.07769 -212.07769
 -212.83075 -212.83075
 -213.11243 -213.11243
 -212.97361 -212.97361
 -213.37389 -213.37389
 -213.13856 -213.13856
 -212.52287 -212.52287
 -213.40587 -213.40587
 -213.29311 -213.29311
 -213.20445 -213.20445
 -212.72405 -212.72405
 -213.26127 -213.26127
 -212.65981 -212.65981
 -212.81307 -212.81307
 -213.11393 -213.11393
 -213.34981 -213.34981
 -212.85837 -212.85837
 -212.68006 -212.68006
 -212.22181 -212.22181
 -213.44797 -213.44797
 -213.01602 -213.01602
 -213.30993 -213.30993
 -213.54589 -213.54589
 -213.0345 -213.0345
 -213.53037 -213.53037
 -212.57951 -212.57951
 -212.27343 -212.27343
 -212.8856 -212.8856
 -213.11335 -213.11335
 -212.60297 -212.60297
 -213.28299 -213.28299
 -212.88249 -212.88249
 -212.77348 -212.77348
 -212.81202 -212.81202
 -213.25245 -213.25245
 -213.02806 -213.02806
 -213.40211 -213.40211
 -213.257 -213.257
 -213.28111 -213.28111
 -212.56148 -212.56148
 -212.32101 -212.32101
 -213.10823 -213.10823
 -212.91268 -212.91268
 -212.92922 -212.92922
 -212.6439 -212.6439
 -212.86739 -212.86739
 -212.61304 -212.61304
 -213.15098 -213.15098
 -212.54401 -212.54401
 -213.35822 -213.35822
 -213.44971 -213.44971
 -213.11976 -213.11976
 -213.15796 -213.15796
 -213.02235 -213.02235
 -212.75046 -212.75046
 -212.96191 -212.96191
 -213.07547 -213.07547
 -212.29494 -212.29494
 -212.67642 -212.67642
 -213.37298 -213.37298
 -212.84365 -212.84365
 -213.06953 -213.06953
 -212.51956 -212.51956
 -212.16137 -212.16137
 -212.85002 -212.85002
 -213.368 -213.368
 -213.08054 -213.08054
 -212.38514 -212.38514
 -213.41791 -213.41791
 -212.31588 -212.31588
 -213.10184 -213.10184
 -212.54056 -212.54056
 -212.42118 -212.42118
 -212.92602 -212.92602
 -212.84877 -212.84877
 -213.00861 -213.00861
 -212.57533 -212.57533
 -212.903 -212.903
 -212.46585 -212.46585
 -213.4537 -213.4537
 -212.23539 -212.23539
 -213.10232 -213.10232
 -213.40191 -213.40191
 -213.09138 -213.09138
 -212.42468 -212.42468
 -212.55032 -212.55032
 -212.82024 -212.82024
 -212.15812 -212.15812
 -212.86831 -212.86831
 -212.8106 -212.8106
 -212.64511 -212.64511
 -212.40607 -212.40607
 -212.94576 -212.94576
 -212.82326 -212.82326
 -213.20836 -213.20836
 -213.24704 -213.24704
 -212.95725 -212.95725
 -213.13177 -213.13177
 -212.87708 -212.87708
 -213.20069 -213.20069
 -212.41648 -212.41648
 -213.28801 -213.28801
 -212.76287 -212.76287
 -212.39828 -212.39828
 -212.843 -212.843
 -213.07937 -213.07937
 -213.27314 -213.27314
 -213.46062 -213.46062
 -212.51224 -212.51224
 -213.50247 -213.50247
 -212.87894 -212.87894
 -213.25456 -213.25456
 -212.67738 -212.67738
 -213.65461 -213.65461
 -212.69648 -212.69648
 -213.25284 -213.25284
 -212.80727 -212.80727
 -212.98187 -212.98187
 -213.29725 -213.29725
 -213.15049 -213.15049
 -213.19708 -213.19708
 -213.2911 -213.2911
 -213.27021 -213.27021
 -213.56641 -213.56641
 -212.99826 -212.99826
 -213.65537 -213.65537
 -213.04261 -213.04261
 -212.29191 -212.29191
 -213.56521 -213.56521
 -212.86411 -212.86411
 -212.03997 -212.03997
 -213.64251 -213.64251
 -212.87274 -212.87274
 -213.07989 -213.07989
 -213.68926 -213.68926
 -212.67609 -212.67609
 -213.30958 -213.30958
 -212.646 -212.646
 -213.59093 -213.59093
 -212.95436 -212.95436
 -212.68631 -212.68631
 -212.94322 -212.94322
 -213.54238 -213.54238
 -213.15 -213.15
 -212.71031 -212.71031
 -213.32403 -213.32403
 -213.10068 -213.10068
 -212.99202 -212.99202
 -213.58981 -213.58981
 -212.48788 -212.48788
 -213.21614 -213.21614
 -213.06314 -213.06314
 -213.15682 -213.15682
 -212.87881 -212.87881
 -212.36619 -212.36619
 -212.33857 -212.33857
 -212.80735 -212.80735
 -213.20901 -213.20901
 -213.18039 -213.18039
 -212.66179 -212.66179
 -212.71198 -212.71198
 -213.34024 -213.34024
 -212.85591 -212.85591
 -213.76191 -213.76191
 -212.65141 -212.65141
 -212.83162 -212.83162
 -213.18975 -213.18975
 -212.99745 -212.99745
 -212.41106 -212.41106
 -212.69852 -212.69852
 -212.50438 -212.50438
 -212.19549 -212.19549
 -212.51099 -212.51099
 -212.63973 -212.63973
 -213.06618 -213.06618
 -213.09254 -213.09254
 -212.62523 -212.62523
 -213.1122 -213.1122
 -213.22124 -213.22124
 -212.36313 -212.36313
 -212.73665 -212.73665
 -213.1592 -213.1592
 -212.21702 -212.21702
 -212.79201 -212.79201
 -212.12013 -212.12013
 -212.91986 -212.91986
 -212.98869 -212.98869
 -213.62729 -213.62729
 -212.88505 -212.88505
 -212.73297 -212.73297
 -213.28692 -213.28692
 -212.99508 -212.99508
 -212.89566 -212.89566
 -213.34076 -213.34076
 -212.37415 -212.37415
 -212.889 -212.889
 -212.85547 -212.85547
 -213.12502 -213.12502
 -212.83421 -212.83421
 -213.69863 -213.69863
 -212.75347 -212.75347
 -213.01029 -213.01029
 -212.91447 -212.91447
 -212.61837 -212.61837
 -213.0217 -213.0217
 -212.44478 -212.44478
 -212.73123 -212.73123
 -212.60884 -212.60884
 -212.60431 -212.60431
 -213.22136 -213.22136
 -212.96038 -212.96038
 -213.24852 -213.24852
 -213.05234 -213.05234
 -212.92709 -212.92709
 -212.98658 -212.98658
 -213.07006 -213.07006
 -212.83552 -212.83552
 -212.54345 -212.54345
 -213.32929 -213.32929
 -212.62684 -212.62684
 -213.7165 -213.7165
 -212.68506 -212.68506
 -213.44245 -213.44245
 -212.52875 -212.52875
 -212.87262 -212.87262
 -212.8871 -212.8871
 -212.64244 -212.64244
 -213.01398 -213.01398
 -212.93085 -212.93085
 -212.64042 -212.64042
 -213.35768 -213.35768
 -212.77048 -212.77048
 -212.76175 -212.76175
 -213.68948 -213.68948
 -213.21089 -213.21089
 -213.34701 -213.34701
 -212.54167 -212.54167
 -213.17888 -213.17888
 -212.93635 -212.93635
 -213.60628 -213.60628
 -213.08123 -213.08123
 -213.15746 -213.15746
 -213.19329 -213.19329
 -212.97514 -212.97514
 -212.88617 -212.88617
 -213.24606 -213.24606
 -213.33964 -213.33964
 -212.89509 -212.89509
 -213.10975 -213.10975
 -212.79138 -212.79138
 -212.26843 -212.26843
 -212.86181 -212.86181
 -212.46161 -212.46161
 -213.16367 -213.16367
 -213.31407 -213.31407
 -212.91162 -212.91162
 -213.3265 -213.3265
 -212.62381 -212.62381
 -213.19489 -213.19489
 -212.98055 -212.98055
 -212.03788 -212.03788
 -212.98082 -212.98082
 -212.93338 -212.93338
 -213.72486 -213.72486
 -212.8579 -212.8579
 -212.29946 -212.29946
 -213.18714 -213.18714
 -212.88496 -212.88496
 -212.77819 -212.77819
 -213.46358 -213.46358
 -213.02074 -213.02074
 -213.30703 -213.30703
 -212.50674 -212.50674
 -212.7549 -212.7549
 -213.17382 -213.17382
 -212.8449 -212.8449
 -213.14905 -213.14905
 -212.96816 -212.96816
 -213.48083 -213.48083
 -212.29353 -212.29353
 -212.8083 -212.8083
 -212.84585 -212.84585
 -212.87633 -212.87633
 -212.97263 -212.97263
 -212.67293 -212.67293
 -213.40203 -213.40203
 -212.70751 -212.70751
 -213.06021 -213.06021
 -212.97059 -212.97059
 -213.46832 -213.46832
 -212.69685 -212.69685
 -212.85607 -212.85607
 -213.04803 -213.04803
 -213.05594 -213.05594
 -212.2939 -212.2939
 -213.15103 -213.15103
 -212.63809 -212.63809
 -213.25946 -213.25946
 -213.31804 -213.31804
 -213.10257 -213.10257
 -212.56592 -212.56592
 -213.2936 -213.2936
 -213.09606 -213.09606
 -212.93384 -212.93384
 -212.02629 -212.02629
 -213.04814 -213.04814
 -213.1502 -213.1502
 -212.92253 -212.92253
 -212.96881 -212.96881
 -212.47047 -212.47047
 -212.83762 -212.83762
 -212.58109 -212.58109
 -212.77595 -212.77595
 -213.2107 -213.2107
 -213.13196 -213.13196
 -213.40157 -213.40157
 -213.25519 -213.25519
 -212.97853 -212.97853
 -212.50919 -212.50919
 -213.04016 -213.04016
 -212.16258 -212.16258
 -212.81443 -212.81443
 -212.63372 -212.63372
 -213.00197 -213.00197
 -212.38695 -212.38695
 -212.74869 -212.74869
 -212.7671 -212.7671
 -212.92412 -212.92412
 -213.3051 -213.3051
 -212.38265 -212.38265
 -213.41602 -213.41602
 -212.77144 -212.77144
 -212.93268 -212.93268
 -212.42388 -212.42388
 -212.86854 -212.86854
 -212.78097 -212.78097
 -213.40527 -213.40527
 -212.74153 -212.74153
 -213.42111 -213.42111
 -212.84294 -212.84294
 -211.75915 -211.75915
 -213.03426 -213.03426
 -212.9836 -212.9836
 -212.9669 -212.9669
 -212.54366 -212.54366
 -212.75292 -212.75292
 -212.86029 -212.86029
 -213.25906 -213.25906
 -213.69864 -213.69864
 -212.65238 -212.65238
 -213.49968 -213.49968
 -212.863 -212.863
 -213.54914 -213.54914
 -212.60913 -212.60913
 -212.37951 -212.37951
 -212.84638 -212.84638
 -212.5453 -212.5453
 -213.0246 -213.0246
 -212.71473 -212.71473
 -213.18287 -213.18287
 -212.84971 -212.84971
 -212.80415 -212.80415
 -212.31577 -212.31577
 -212.8544 -212.8544
 -212.75157 -212.75157
 -213.33054 -213.33054
 -212.65485 -212.65485
 -212.66687 -212.66687
 -212.79996 -212.79996
 -213.10054 -213.10054
 -212.39361 -212.39361
 -212.84213 -212.84213
 -212.79094 -212.79094
 -212.7223 -212.7223
 -212.96195 -212.96195
 -213.02505 -213.02505
 -213.07576 -213.07576
 -212.84182 -212.84182
 -213.50098 -213.50098
 -212.77584 -212.77584
 -213.18931 -213.18931
 -212.79051 -212.79051
 -213.47201 -213.47201
 -213.27915 -213.27915
 -212.49362 -212.49362
 -212.91459 -212.91459
 -212.84921 -212.84921
 -212.71358 -212.71358
 -213.07272 -213.07272
 -212.55499 -212.55499
 -212.94556 -212.94556
 -212.80646 -212.80646
 -212.84712 -212.84712
 -212.13782 -212.13782
 -212.84297 -212.84297
 -212.9406 -212.9406
 -212.55524 -212.55524
 -213.17263 -213.17263
 -213.1944 -213.1944
 -213.37167 -213.37167
 -213.20608 -213.20608
 -213.13272 -213.13272
 -213.29208 -213.29208
 -212.7835 -212.7835
 -213.23648 -213.23648
 -213.30606 -213.30606
 -213.15994 -213.15994
 -212.80992 -212.80992
 -213.04771 -213.04771
 -212.99667 -212.99667
 -212.55426 -212.55426
 -213.38061 -213.38061
 -213.01145 -213.01145
 -213.08893 -213.08893
 -213.64921 -213.64921
 -212.846 -212.846
 -212.43341 -212.43341
 -212.99789 -212.99789
 -212.30953 -212.30953
 -212.52076 -212.52076
 -213.48495 -213.48495
 -212.94435 -212.94435
 -213.10171 -213.10171
 -212.94531 -212.94531
 -213.36629 -213.36629
 -213.30334 -213.30334
 -213.21833 -213.21833
 -213.65929 -213.65929
 -212.96821 -212.96821
 -213.1546 -213.1546
 -212.69003 -212.69003
 -212.75834 -212.75834
 -213.32373 -213.32373
 -212.37662 -212.37662
 -213.0429 -213.0429
 -213.24151 -213.24151
 -213.51266 -213.51266
 -212.95468 -212.95468
 -212.45085 -212.45085
 -212.85635 -212.85635
 -213.09692 -213.09692
 -213.38677 -213.38677
 -213.26636 -213.26636
 -213.30203 -213.30203
 -212.83045 -212.83045
 -212.55082 -212.55082
 -212.95835 -212.95835
 -213.1113 -213.1113
 -213.23955 -213.23955
 -213.31588 -213.31588
 -213.18003 -213.18003
 -213.12197 -213.12197
 -212.92306 -212.92306
 -211.94129 -211.94129
 -212.7458 -212.7458
 -212.98568 -212.98568
 -213.08453 -213.08453
 -213.12757 -213.12757
 -212.433 -212.433
 -213.31366 -213.31366
 -212.63018 -212.63018
 -212.06258 -212.06258
 -212.6165 -212.6165
 -212.6825 -212.6825
 -213.25147 -213.25147
 -212.39018 -212.39018
 -213.22429 -213.22429
 -213.16131 -213.16131
 -213.41135 -213.41135
 -213.36263 -213.36263
 -213.11447 -213.11447
 -212.41774 -212.41774
 -213.04416 -213.04416
 -212.62489 -212.62489
 -212.71948 -212.71948
 -213.32527 -213.32527
 -212.37979 -212.37979
 -213.35626 -213.35626
 -213.26149 -213.26149
 -212.43878 -212.43878
 -212.99419 -212.99419
 -212.24263 -212.24263
 -213.31316 -213.31316
 -211.83441 -211.83441
 -212.79929 -212.79929
 -212.72099 -212.72099
 -213.74163 -213.74163
 -212.59672 -212.59672
 -212.43015 -212.43015
 -213.0315 -213.0315
 -212.81499 -212.81499
 -212.99331 -212.99331
 -212.68625 -212.68625
 -212.77779 -212.77779
 -213.00717 -213.00717
 -213.43304 -213.43304
 -212.56217 -212.56217
 -213.02277 -213.02277
 -213.06968 -213.06968
 -213.16842 -213.16842
 -212.49332 -212.49332
 -212.99977 -212.99977
 -212.50526 -212.50526
 -213.21998 -213.21998
 -212.50226 -212.50226
 -213.00517 -213.00517
 -213.21752 -213.21752
 -212.83647 -212.83647
 -213.36866 -213.36866
 -213.17521 -213.17521
 -213.01638 -213.01638
 -213.30888 -213.30888
 -212.68705 -212.68705
 -212.95986 -212.95986
 -212.85691 -212.85691
 -212.9555 -212.9555
 -212.56114 -212.56114
 -212.88525 -212.88525
 -212.85678 -212.85678
 -213.33233 -213.33233
 -212.89807 -212.89807
 -213.02373 -213.02373
 -212.59621 -212.59621
 -213.27839 -213.27839
 -212.70563 -212.70563
 -212.71001 -212.71001
 -212.88379 -212.88379
 -213.01734 -213.01734
 -213.26564 -213.26564
 -212.65744 -212.65744
 -212.89665 -212.89665
 -212.98026 -212.98026
 -213.27099 -213.27099
 -213.08067 -213.08067
 -213.07852 -213.07852
 -213.50438 -213.50438
 -212.60142 -212.60142
 -213.02975 -213.02975
 -212.60699 -212.60699
 -213.0688 -213.0688
 -213.08177 -213.08177
 -212.93442 -212.93442
 -213.57707 -213.57707
 -212.63661 -212.63661
 -212.48112 -212.48112
 -212.1657 -212.1657
 -213.28635 -213.28635
 -212.60812 -212.60812
 -212.78998 -212.78998
 -213.22441 -213.22441
 -212.69637 -212.69637
 -212.87241 -212.87241
 -213.06355 -213.06355
 -212.73908 -212.73908
 -212.38939 -212.38939
 -213.43255 -213.43255
 -213.05446 -213.05446
 -212.82304 -212.82304
 -212.8033 -212.8033
 -212.89151 -212.89151
 -213.55685 -213.55685
 -212.60112 -212.60112
 -213.32153 -213.32153
 -212.61674 -212.61674
 -212.9031 -212.9031
 -213.10812 -213.10812
 -212.61311 -212.61311
 -213.5632 -213.5632
 -212.76891 -212.76891
 -212.79545 -212.79545
 -212.68456 -212.68456
 -213.44817 -213.44817
 -212.53746 -212.53746
 -212.56529 -212.56529
 -212.77067 -212.77067
 -213.42454 -213.42454
 -212.69709 -212.69709
 -212.93686 -212.93686
 -212.91827 -212.91827
 -212.63654 -212.63654
 -213.07574 -213.07574
 -212.92614 -212.92614
 -213.47372 -213.47372
 -212.54568 -212.54568
 -213.2687 -213.2687
 -213.02467 -213.02467
 -213.15262 -213.15262
 -213.14609 -213.14609
 -212.72904 -212.72904
 -212.94828 -212.94828
 -212.4311 -212.4311
 -212.98028 -212.98028
 -212.7619 -212.7619
 -212.9953 -212.9953
 -212.66954 -212.66954
 -213.46891 -213.46891
 -212.44585 -212.44585
 -213.01246 -213.01246
 -212.63848 -212.63848
 -212.74976 -212.74976
 -213.22737 -213.22737
 -213.26842 -213.26842
 -212.64795 -212.64795
 -213.05725 -213.05725
 -212.52372 -212.52372
 -213.31693 -213.31693
 -212.43321 -212.43321
 -213.17121 -213.17121
 -212.52077 -212.52077
 -212.61234 -212.61234
 -213.08362 -213.08362
 -211.82374 -211.82374
 -212.84674 -212.84674
 -211.84243 -211.84243
 -212.96848 -212.96848
 -212.63634 -212.63634
 -213.06498 -213.06498
 -212.80432 -212.80432
 -212.81743 -212.81743
 -212.85937 -212.85937
 -213.1395 -213.1395
 -213.23962 -213.23962
 -211.96295 -211.96295
 -213.04446 -213.04446
 -212.55142 -212.55142
 -213.14265 -213.14265
 -213.42902 -213.42902
 -213.69741 -213.69741
 -213.2174 -213.2174
 -212.43872 -212.43872
 -213.32622 -213.32622
 -212.32491 -212.32491
 -212.58465 -212.58465
 -213.32544 -213.32544
 -212.82536 -212.82536
 -212.89057 -212.89057
 -212.82919 -212.82919
 -212.81469 -212.81469
 -212.92528 -212.92528
 -213.68325 -213.68325
 -213.00203 -213.00203
 -213.08022 -213.08022
 -212.22469 -212.22469
 -212.8955 -212.8955
 -212.85193 -212.85193
 -213.43443 -213.43443
 -213.33653 -213.33653
 -213.07154 -213.07154
 -212.9446 -212.9446
 -212.87757 -212.87757
 -213.1957 -213.1957
 -213.08529 -213.08529
 -213.18039 -213.18039
 -212.38665 -212.38665
 -213.22016 -213.22016
 -212.43874 -212.43874
 -212.91466 -212.91466
 -212.66334 -212.66334
 -212.21275 -212.21275
 -213.11767 -213.11767
 -212.88777 -212.88777
 -212.98714 -212.98714
 -212.53099 -212.53099
 -212.68378 -212.68378
 -212.72806 -212.72806
 -213.44296 -213.44296
 -212.45848 -212.45848
 -213.39505 -213.39505
 -212.87793 -212.87793
 -212.68493 -212.68493
 -213.62665 -213.62665
 -212.82798 -212.82798
 -213.40773 -213.40773
 -213.12621 -213.12621
 -213.3089 -213.3089
 -212.7713 -212.7713
 -212.67422 -212.67422
 -213.00622 -213.00622
 -212.53139 -212.53139
 -213.01373 -213.01373
 -213.31925 -213.31925
 -212.99152 -212.99152
 -213.10201 -213.10201
 -212.75283 -212.75283
 -213.02944 -213.02944
 -212.92162 -212.92162
 -213.07539 -213.07539
 -212.3009 -212.3009
 -212.94219 -212.94219
 -212.65204 -212.65204
 -213.27577 -213.27577
 -212.8953 -212.8953
 -213.51904 -213.51904
 -212.4814 -212.4814
 -213.10665 -213.10665
 -212.93191 -212.93191
 -212.71098 -212.71098
 -212.96349 -212.96349
 -213.22853 -213.22853
 -212.74233 -212.74233
 -213.38738 -213.38738
 -213.16702 -213.16702
 -212.84603 -212.84603
 -213.07095 -213.07095
 -212.7343 -212.7343
 -213.03037 -213.03037
 -212.51159 -212.51159
 -213.05887 -213.05887
 -212.67271 -212.67271
 -213.03514 -213.03514
 -213.11627 -213.11627
 -212.91219 -212.91219
 -212.34095 -212.34095
 -212.82984 -212.82984
 -213.00219 -213.00219
 -212.99767 -212.99767
 -212.94847 -212.94847
 -213.12731 -213.12731
 -212.48132 -212.48132
 -213.16261 -213.16261
 -212.74391 -212.74391
 -213.42188 -213.42188
 -213.37288 -213.37288
 -212.75922 -212.75922
 -213.28541 -213.28541
 -213.51361 -213.51361
 -212.90311 -212.90311
 -212.59842 -212.59842
 -213.02045 -213.02045
 -212.40647 -212.40647
 -213.64125 -213.64125
 -212.78741 -212.78741
 -212.84187 -212.84187
 -212.47532 -212.47532
 -213.14459 -213.14459
 -213.01343 -213.01343
 -212.99029 -212.99029
 -212.74442 -212.74442
 -211.94279 -211.94279
 -212.89646 -212.89646
 -213.77159 -213.77159
 -213.01 -213.01
 -213.2141 -213.2141
 -212.83327 -212.83327
 -213.00264 -213.00264
 -212.49069 -212.49069
 -212.58506 -212.58506
 -213.29847 -213.29847
 -212.48626 -212.48626
 -213.09838 -213.09838
 -213.18817 -213.18817
 -212.05492 -212.05492
 -212.87544 -212.87544
 -213.19112 -213.19112
 -212.48655 -212.48655
 -213.06598 -213.06598
 -212.6355 -212.6355
 -212.84202 -212.84202
 -213.16539 -213.16539
 -213.20173 -213.20173
 -213.0965 -213.0965
 -212.72041 -212.72041
 -213.16813 -213.16813
 -213.04722 -213.04722
 -213.2834 -213.2834
 -212.55023 -212.55023
 -213.01821 -213.01821
 -212.81109 -212.81109
 -213.13965 -213.13965
 -213.60493 -213.60493
 -212.61244 -212.61244
 -212.71847 -212.71847
 -212.06533 -212.06533
 -212.55161 -212.55161
 -212.77814 -212.77814
 -213.06593 -213.06593
 -213.24206 -213.24206
 -213.65366 -213.65366
 -213.33501 -213.33501
 -213.02593 -213.02593
 -213.21929 -213.21929
 -213.1947 -213.1947
 -212.81733 -212.81733
 -213.67726 -213.67726
 -212.95229 -212.95229
 -213.18967 -213.18967
 -212.92126 -212.92126
 -213.0907 -213.0907
 -213.37865 -213.37865
 -213.18244 -213.18244
 -212.92205 -212.92205
 -213.31467 -213.31467
 -212.5259 -212.5259
 -213.02321 -213.02321
 -212.85282 -212.85282
 -213.3044 -213.3044
 -212.7738 -212.7738
 -212.93539 -212.93539
 -213.00721 -213.00721
 -213.11487 -213.11487
 -213.04039 -213.04039
 -213.35787 -213.35787
 -212.88548 -212.88548
 -213.32721 -213.32721
 -212.98424 -212.98424
 -212.93278 -212.93278
 -212.80481 -212.80481
 -213.02404 -213.02404
 -212.99429 -212.99429
 -212.76017 -212.76017
 -213.08579 -213.08579
 -213.15512 -213.15512
 -212.73657 -212.73657
 -213.24412 -213.24412
 -212.49966 -212.49966
 -213.28947 -213.28947
 -213.41212 -213.41212
 -212.65258 -212.65258
 -213.28972 -213.28972
 -213.13933 -213.13933
 -212.55893 -212.55893
 -212.97736 -212.97736
 -212.97025 -212.97025
 -213.39295 -213.39295
 -213.23983 -213.23983
 -212.7112 -212.7112
 -213.47013 -213.47013
 -212.14901 -212.14901
 -212.80369 -212.80369
 -213.37775 -213.37775
 -213.39347 -213.39347
 -212.49766 -212.49766
 -212.92868 -212.92868
 -213.19267 -213.19267
 -212.66401 -212.66401
 -212.85547 -212.85547
 -212.49131 -212.49131
 -212.98573 -212.98573
 -212.80526 -212.80526
 -213.26931 -213.26931
 -212.88127 -212.88127
 -213.35286 -213.35286
 -213.28303 -213.28303
 -212.61469 -212.61469
 -212.31313 -212.31313
 -213.28733 -213.28733
 -213.30604 -213.30604
 -213.16024 -213.16024
 -213.4358 -213.4358
 -213.37421 -213.37421
 -213.93646 -213.93646
 -212.67634 -212.67634
 -212.54568 -212.54568
 -212.89594 -212.89594
 -212.56292 -212.56292
 -212.82748 -212.82748
 -212.82691 -212.82691
 -213.19322 -213.19322
 -213.01379 -213.01379
 -212.94446 -212.94446
 -213.06867 -213.06867
 -212.67271 -212.67271
 -213.13783 -213.13783
 -212.83513 -212.83513
 -212.90153 -212.90153
 -212.8072 -212.8072
 -212.52171 -212.52171
 -212.95165 -212.95165
 -212.55583 -212.55583
 -213.63624 -213.63624
 -213.00717 -213.00717
 -212.58975 -212.58975
 -212.90128 -212.90128
 -213.03001 -213.03001
 -212.8968 -212.8968
 -212.96265 -212.96265
 -213.28782 -213.28782
 -212.52058 -212.52058
 -213.72818 -213.72818
 -212.44289 -212.44289
 -212.88215 -212.88215
 -212.76539 -212.76539
 -213.63126 -213.63126
 -212.48982 -212.48982
 -213.48769 -213.48769
 -212.92538 -212.92538
 -213.20564 -213.20564
 -212.30775 -212.30775
 -213.04908 -213.04908
 -212.52646 -212.52646
 -212.84945 -212.84945
 -213.4137 -213.4137
 -212.71927 -212.71927
 -213.41665 -213.41665
 -213.2803 -213.2803
 -212.78555 -212.78555
 -212.98992 -212.98992
 -213.02784 -213.02784
 -213.23733 -213.23733
 -212.81036 -212.81036
 -212.87875 -212.87875
 -213.2187 -213.2187
 -213.09626 -213.09626
 -212.97987 -212.97987
 -212.93661 -212.93661
 -213.24602 -213.24602
 -213.17471 -213.17471
 -213.19501 -213.19501
 -213.01407 -213.01407
 -212.75842 -212.75842
 -212.92375 -212.92375
 -212.8522 -212.8522
 -211.74252 -211.74252
 -212.91297 -212.91297
 -212.9327 -212.9327
 -212.40795 -212.40795
 -212.67778 -212.67778
 -212.88399 -212.88399
 -213.46871 -213.46871
 -212.42627 -212.42627
 -213.14362 -213.14362
 -213.0432 -213.0432
 -213.17555 -213.17555
 -213.29726 -213.29726
 -212.95646 -212.95646
 -212.77659 -212.77659
 -212.82986 -212.82986
 -212.93428 -212.93428
 -213.12125 -213.12125
 -213.64288 -213.64288
 -212.85547 -212.85547
 -213.65747 -213.65747
 -213.14611 -213.14611
 -212.30493 -212.30493
 -213.2822 -213.2822
 -212.65392 -212.65392
 -212.59074 -212.59074
 -213.53834 -213.53834
 -212.89092 -212.89092
 -212.86407 -212.86407
 -212.20209 -212.20209
 -212.83025 -212.83025
 -212.57285 -212.57285
 -213.7063 -213.7063
 -212.93584 -212.93584
 -212.6395 -212.6395
 -213.01368 -213.01368
 -212.95367 -212.95367
 -213.07238 -213.07238
 -213.29234 -213.29234
 -211.94919 -211.94919
 -212.94559 -212.94559
 -212.21321 -212.21321
 -213.17792 -213.17792
 -213.47564 -213.47564
 -213.1236 -213.1236
 -212.81901 -212.81901
 -213.50262 -213.50262
 -212.74782 -212.74782
 -212.75561 -212.75561
 -212.93527 -212.93527
 -213.38056 -213.38056
 -213.09346 -213.09346
 -212.95122 -212.95122
 -213.19954 -213.19954
 -212.68565 -212.68565
 -212.91178 -212.91178
 -212.99483 -212.99483
 -213.35059 -213.35059
 -213.28472 -213.28472
 -212.73263 -212.73263
 -213.57986 -213.57986
 -212.53358 -212.53358
 -212.75854 -212.75854
 -213.29812 -213.29812
 -212.65969 -212.65969
 -212.97849 -212.97849
 -213.14629 -213.14629
 -213.82306 -213.82306
 -212.82448 -212.82448
 -213.04627 -213.04627
 -213.18173 -213.18173
 -212.84827 -212.84827
 -212.78906 -212.78906
 -213.04543 -213.04543
 -211.94945 -211.94945
 -212.85008 -212.85008
 -213.28524 -213.28524
 -213.21719 -213.21719
 -213.57085 -213.57085
 -212.41273 -212.41273
 -212.1214 -212.1214
 -213.47633 -213.47633
 -212.40828 -212.40828
 -213.24136 -213.24136
 -213.18371 -213.18371
 -212.81494 -212.81494
 -213.56885 -213.56885
 -212.96209 -212.96209
 -213.37851 -213.37851
 -212.79366 -212.79366
 -213.66923 -213.66923
 -212.7494 -212.7494
 -213.45162 -213.45162
 -213.50312 -213.50312
 -213.08036 -213.08036
 -213.11905 -213.11905
 -212.88451 -212.88451
 -212.72214 -212.72214
 -212.52597 -212.52597
 -212.60081 -212.60081
 -212.93025 -212.93025
 -212.21036 -212.21036
 -213.01866 -213.01866
 -212.80707 -212.80707
 -212.93049 -212.93049
 -212.16845 -212.16845
 -213.09359 -213.09359
 -212.76319 -212.76319
 -213.39828 -213.39828
 -212.35647 -212.35647
 -213.46969 -213.46969
 -213.38121 -213.38121
 -212.43531 -212.43531
 -212.80509 -212.80509
 -212.58493 -212.58493
 -212.53095 -212.53095
 -212.73476 -212.73476
 -213.07143 -213.07143
 -212.36279 -212.36279
 -213.09721 -213.09721
 -212.56535 -212.56535
 -212.66662 -212.66662
 -212.95731 -212.95731
 -212.75329 -212.75329
 -212.91584 -212.91584
 -213.23184 -213.23184
 -213.15313 -213.15313
 -212.46151 -212.46151
 -212.68965 -212.68965
 -212.63831 -212.63831
 -213.1056 -213.1056
 -212.68431 -212.68431
 -212.634 -212.634
 -213.19435 -213.19435
 -212.71138 -212.71138
 -213.03956 -213.03956
 -213.09539 -213.09539
 -212.87892 -212.87892
 -213.41069 -213.41069
 -212.83831 -212.83831
 -213.5036 -213.5036
 -213.19056 -213.19056
 -213.12799 -213.12799
 -213.37862 -213.37862
 -213.27117 -213.27117
 -213.2172 -213.2172
 -213.74053 -213.74053
 -213.36226 -213.36226
 -212.93924 -212.93924
 -213.02995 -213.02995
 -212.63187 -212.63187
 -213.27865 -213.27865
 -213.04717 -213.04717
 -213.30223 -213.30223
 -213.08887 -213.08887
 -213.60558 -213.60558
 -213.0354 -213.0354
 -213.7815 -213.7815
 -212.65201 -212.65201
 -212.49894 -212.49894
 -212.34815 -212.34815
 -213.12951 -213.12951
 -213.13241 -213.13241
 -212.3873 -212.3873
 -213.22728 -213.22728
 -212.56875 -212.56875
 -212.89847 -212.89847
 -213.14159 -213.14159
 -212.94966 -212.94966
 -213.02563 -213.02563
 -213.11262 -213.11262
 -212.93471 -212.93471
 -212.32141 -212.32141
 -213.34883 -213.34883
 -212.77953 -212.77953
 -213.10808 -213.10808
 -212.47089 -212.47089
 -213.31596 -213.31596
 -212.55713 -212.55713
 -213.07563 -213.07563
 -212.44957 -212.44957
 -213.1053 -213.1053
 -212.22525 -212.22525
 -213.07873 -213.07873
 -213.1126 -213.1126
 -212.72943 -212.72943
 -213.30509 -213.30509
 -212.879 -212.879
 -213.13796 -213.13796
 -212.58413 -212.58413
 -212.84143 -212.84143
 -213.00674 -213.00674
 -213.38971 -213.38971
 -212.70644 -212.70644
 -213.27445 -213.27445
 -212.97512 -212.97512
 -213.00485 -213.00485
 -212.6638 -212.6638
 -213.44058 -213.44058
 -212.01593 -212.01593
 -213.03587 -213.03587
 -212.68326 -212.68326
 -213.01026 -213.01026
 -213.02673 -213.02673
 -212.41451 -212.41451
 -212.63463 -212.63463
 -212.43475 -212.43475
 -212.75655 -212.75655
 -212.28633 -212.28633
 -213.01741 -213.01741
 -212.70905 -212.70905
 -212.9209 -212.9209
 -212.06645 -212.06645
 -212.81709 -212.81709
 -213.33605 -213.33605
 -212.45441 -212.45441
 -213.54238 -213.54238
 -213.22458 -213.22458
 -213.6553 -213.6553
 -213.03066 -213.03066
 -212.6884 -212.6884
 -213.29764 -213.29764
 -212.76638 -212.76638
 -213.05588 -213.05588
 -212.70421 -212.70421
 -212.72858 -212.72858
 -213.04504 -213.04504
 -213.24907 -213.24907
 -212.77665 -212.77665
 -212.93686 -212.93686
 -212.35505 -212.35505
 -213.41927 -213.41927
 -212.69758 -212.69758
 -213.36073 -213.36073
 -212.57692 -212.57692
 -213.69741 -213.69741
 -212.747 -212.747
 -213.11302 -213.11302
 -213.20668 -213.20668
 -213.09424 -213.09424
 -212.16362 -212.16362
 -213.35924 -213.35924
 -212.89875 -212.89875
 -212.734 -212.734
 -213.10772 -213.10772
 -213.43295 -213.43295
 -213.1677 -213.1677
 -212.73348 -212.73348
 -213.04379 -213.04379
 -213.63765 -213.63765
 -213.58704 -213.58704
 -212.56508 -212.56508
 -213.34908 -213.34908
 -212.63523 -212.63523
 -212.29437 -212.29437
 -213.3541 -213.3541
 -212.98435 -212.98435
 -213.10282 -213.10282
 -212.95767 -212.95767
 -212.9685 -212.9685
 -213.1674 -213.1674
 -213.35532 -213.35532
 -212.34566 -212.34566
 -213.56197 -213.56197
 -213.13476 -213.13476
 -213.23444 -213.23444
 -213.38981 -213.38981
 -212.52305 -212.52305
 -213.3353 -213.3353
 -212.60707 -212.60707
 -213.20693 -213.20693
 -213.36975 -213.36975
 -212.45694 -212.45694
 -213.11786 -213.11786
 -212.97155 -212.97155
 -212.60266 -212.60266
 -213.16169 -213.16169
 -212.26384 -212.26384
 -213.11938 -213.11938
 -212.45019 -212.45019
 -213.35309 -213.35309
 -213.23154 -213.23154
 -212.71064 -212.71064
 -213.34064 -213.34064
 -212.98529 -212.98529
 -213.01108 -213.01108
 -213.73635 -213.73635
 -212.85721 -212.85721
 -212.7998 -212.7998
 -213.40702 -213.40702
 -212.89607 -212.89607
 -213.53988 -213.53988
 -212.57889 -212.57889
 -213.05207 -213.05207
 -213.04953 -213.04953
 -212.57758 -212.57758
 -212.88881 -212.88881
 -212.94693 -212.94693
 -212.99132 -212.99132
 -212.74391 -212.74391
 -213.16722 -213.16722
 -212.42409 -212.42409
 -213.02647 -213.02647
 -212.6856 -212.6856
 -213.02062 -213.02062
 -212.86064 -212.86064
 -212.80188 -212.80188
 -212.94997 -212.94997
 -212.68015 -212.68015
 -213.39325 -213.39325
 -212.31161 -212.31161
 -213.50323 -213.50323
 -213.30658 -213.30658
 -212.68968 -212.68968
 -213.53116 -213.53116
 -213.19337 -213.19337
 -213.52947 -213.52947
 -213.23781 -213.23781
 -213.17792 -213.17792
 -213.27653 -213.27653
 -212.54549 -212.54549
 -213.22521 -213.22521
 -212.25069 -212.25069
 -212.99313 -212.99313
 -213.0454 -213.0454
 -213.1967 -213.1967
 -213.18443 -213.18443
 -213.17292 -213.17292
 -213.15142 -213.15142
 -213.19252 -213.19252
 -213.16063 -213.16063
 -212.78019 -212.78019
 -212.45293 -212.45293
 -212.6087 -212.6087
 -212.58993 -212.58993
 -212.54761 -212.54761
 -213.26719 -213.26719
 -213.23549 -213.23549
 -213.5688 -213.5688
 -213.02481 -213.02481
 -212.99565 -212.99565
 -213.03602 -213.03602
 -212.80121 -212.80121
 -213.37352 -213.37352
 -213.39851 -213.39851
 -213.0738 -213.0738
 -213.17872 -213.17872
 -212.6761 -212.6761
 -212.95886 -212.95886
 -213.13432 -213.13432
 -213.08156 -213.08156
 -212.36672 -212.36672
 -212.9457 -212.9457
 -212.52056 -212.52056
 -213.04592 -213.04592
 -212.63801 -212.63801
 -213.73617 -213.73617
 -213.20095 -213.20095
 -213.03301 -213.03301
 -212.60306 -212.60306
 -212.89661 -212.89661
 -212.96501 -212.96501
 -212.55366 -212.55366
 -213.35771 -213.35771
 -213.13575 -213.13575
 -213.31708 -213.31708
 -213.26815 -213.26815
 -212.06841 -212.06841
 -213.33542 -213.33542
 -212.95354 -212.95354
 -212.4361 -212.4361
 -213.36794 -213.36794
 -213.63838 -213.63838
 -213.42358 -213.42358
 -212.63121 -212.63121
 -213.74943 -213.74943
 -212.97925 -212.97925
 -212.94488 -212.94488
 -212.87292 -212.87292
 -213.39054 -213.39054
 -212.74483 -212.74483
 -213.65051 -213.65051
 -213.24932 -213.24932
 -213.78768 -213.78768
 -213.12777 -213.12777
 -213.40089 -213.40089
 -212.87489 -212.87489
 -212.5531 -212.5531
 -213.12789 -213.12789
 -212.87861 -212.87861
 -212.83704 -212.83704
 -213.3569 -213.3569
 -212.49271 -212.49271
 -213.50408 -213.50408
 -212.96599 -212.96599
 -213.12395 -213.12395
 -212.98486 -212.98486
 -212.58571 -212.58571
 -212.99882 -212.99882
 -212.94559 -212.94559
 -213.5409 -213.5409
 -212.99314 -212.99314
 -212.4879 -212.4879
 -213.07452 -213.07452
 -213.13527 -213.13527
 -212.81709 -212.81709
 -213.22557 -213.22557
 -213.57628 -213.57628
 -212.9023 -212.9023
 -213.65868 -213.65868
 -212.52902 -212.52902
 -213.03936 -213.03936
 -213.22495 -213.22495
 -212.66078 -212.66078
 -212.80233 -212.80233
 -213.40353 -213.40353
 -212.57325 -212.57325
 -213.43433 -213.43433
 -212.57166 -212.57166
 -213.00156 -213.00156
 -213.0261 -213.0261
 -213.14554 -213.14554
 -212.9226 -212.9226
 -213.01201 -213.01201
 -213.0927 -213.0927
 -212.81244 -212.81244
 -212.56591 -212.56591
 -213.52995 -213.52995
 -212.79481 -212.79481
 -213.35321 -213.35321
 -212.96111 -212.96111
 -213.21083 -213.21083
 -212.9049 -212.9049
 -212.78526 -212.78526
 -212.17104 -212.17104
 -213.02676 -213.02676
 -212.88377 -212.88377
 -212.93411 -212.93411
 -213.59099 -213.59099
 -213.30926 -213.30926
 -213.34777 -213.34777
 -213.03532 -213.03532
 -213.35204 -213.35204
 -213.36879 -213.36879
 -212.88799 -212.88799
 -212.65367 -212.65367
 -212.87376 -212.87376
 -212.51375 -212.51375
 -213.26668 -213.26668
 -212.79433 -212.79433
 -213.27276 -213.27276
 -212.68273 -212.68273
 -212.96462 -212.96462
 -212.19199 -212.19199
 -212.95438 -212.95438
 -213.2882 -213.2882
 -213.22362 -213.22362
 -212.78329 -212.78329
 -213.17059 -213.17059
 -212.79246 -212.79246
 -212.58695 -212.58695
 -212.87154 -212.87154
 -213.1217 -213.1217
 -213.2727 -213.2727
 -212.81694 -212.81694
 -212.75327 -212.75327
 -213.42359 -213.42359
 -212.3898 -212.3898
 -213.01194 -213.01194
 -213.5305 -213.5305
 -212.6445 -212.6445
 -213.16639 -213.16639
 -212.79062 -212.79062
 -212.77993 -212.77993
 -213.3953 -213.3953
 -212.76891 -212.76891
 -213.06175 -213.06175
 -212.29697 -212.29697
 -213.06729 -213.06729
 -212.83394 -212.83394
 -212.69227 -212.69227
 -213.40067 -213.40067
 -213.26385 -213.26385
 -212.7517 -212.7517
 -213.12841 -213.12841
 -213.27644 -213.27644
 -213.12047 -213.12047
 -212.74603 -212.74603
 -212.69135 -212.69135
 -212.65189 -212.65189
 -212.9602 -212.9602
 -212.88477 -212.88477
 -212.7642 -212.7642
 -213.4987 -213.4987
 -212.68185 -212.68185
 -213.28418 -213.28418
 -212.7653 -212.7653
 -213.06135 -213.06135
 -213.00484 -213.00484
 -212.0226 -212.0226
 -212.92692 -212.92692
 -212.18775 -212.18775
 -212.26166 -212.26166
 -212.90537 -212.90537
 -212.58902 -212.58902
 -213.04087 -213.04087
 -212.64055 -212.64055
 -213.58287 -213.58287
 -212.82069 -212.82069
 -212.80329 -212.80329
 -213.19845 -213.19845
 -213.13645 -213.13645
 -212.82738 -212.82738
 -212.06295 -212.06295
 -213.19131 -213.19131
 -212.89873 -212.89873
 -212.83812 -212.83812
 -213.00605 -213.00605
 -213.06639 -213.06639
 -212.35002 -212.35002
 -213.02215 -213.02215
 -213.09827 -213.09827
 -212.51911 -212.51911
 -213.28638 -213.28638
 -212.48167 -212.48167
 -213.35053 -213.35053
 -212.85568 -212.85568
 -213.04228 -213.04228
 -212.75021 -212.75021
 -213.41137 -213.41137
 -212.73976 -212.73976
 -213.64039 -213.64039
 -212.7955 -212.7955
 -213.05526 -213.05526
 -212.80026 -212.80026
 -213.63197 -213.63197
 -212.64922 -212.64922
 -213.23944 -213.23944
 -213.23933 -213.23933
 -212.89165 -212.89165
 -212.51559 -212.51559
 -212.96477 -212.96477
 -212.92196 -212.92196
 -212.74628 -212.74628
 -213.4665 -213.4665
 -213.4747 -213.4747
 -213.03897 -213.03897
 -212.7119 -212.7119
 -213.32122 -213.32122
 -212.87812 -212.87812
 -212.73928 -212.73928
 -212.45993 -212.45993
 -212.97659 -212.97659
 -212.45695 -212.45695
 -212.73895 -212.73895
 -212.69083 -212.69083
 -213.90199 -213.90199
 -212.60897 -212.60897
 -212.00014 -212.00014
 -212.73725 -212.73725
 -213.22895 -213.22895
 -213.65852 -213.65852
 -212.57943 -212.57943
 -213.25944 -213.25944
 -212.68249 -212.68249
 -213.06939 -213.06939
 -213.03492 -213.03492
 -212.24505 -212.24505
 -212.54054 -212.54054
 -213.14482 -213.14482
 -213.14488 -213.14488
 -212.62647 -212.62647
 -212.75094 -212.75094
 -213.62252 -213.62252
 -212.57876 -212.57876
 -213.5754 -213.5754
 -213.25855 -213.25855
 -213.02827 -213.02827
 -213.33882 -213.33882
 -212.99675 -212.99675
 -214.06129 -214.06129
 -212.32943 -212.32943
 -213.28206 -213.28206
 -212.51727 -212.51727
 -213.01375 -213.01375
 -212.72895 -212.72895
 -213.49532 -213.49532
 -213.35301 -213.35301
 -213.23069 -213.23069
 -212.92231 -212.92231
 -213.30597 -213.30597
 -213.13101 -213.13101
 -213.293 -213.293
 -212.97016 -212.97016
 -213.13224 -213.13224
 -212.86572 -212.86572
 -212.91356 -212.91356
 -213.02024 -213.02024
 -211.93932 -211.93932
 -213.20417 -213.20417
 -212.98238 -212.98238
 -212.70085 -212.70085
 -212.65251 -212.65251
 -213.65391 -213.65391
 -212.73244 -212.73244
 -212.99586 -212.99586
 -212.94558 -212.94558
 -212.66304 -212.66304
 -213.22215 -213.22215
 -213.07623 -213.07623
 -212.35086 -212.35086
 -212.53873 -212.53873
 -212.79557 -212.79557
 -213.2798 -213.2798
 -212.16959 -212.16959
 -212.81616 -212.81616
 -212.88903 -212.88903
 -212.57701 -212.57701
 -212.71727 -212.71727
 -212.31126 -212.31126
 -212.84921 -212.84921
 -212.83423 -212.83423
 -213.17257 -213.17257
 -213.14016 -213.14016
 -211.98932 -211.98932
 -212.9423 -212.9423
 -213.04455 -213.04455
 -213.07613 -213.07613
 -213.02685 -213.02685
 -212.65219 -212.65219
 -213.55958 -213.55958
 -212.91202 -212.91202
 -212.38423 -212.38423
 -213.0354 -213.0354
 -212.12828 -212.12828
 -212.94408 -212.94408
 -213.48391 -213.48391
 -212.28705 -212.28705
 -213.0521 -213.0521
 -213.08432 -213.08432
 -213.22204 -213.22204
 -213.35936 -213.35936
 -212.93504 -212.93504
 -213.06484 -213.06484
 -212.70327 -212.70327
 -213.11701 -213.11701
 -212.32143 -212.32143
 -212.81629 -212.81629
 -212.88845 -212.88845
 -212.89621 -212.89621
 -212.85372 -212.85372
 -213.05487 -213.05487
 -212.92757 -212.92757
 -213.24017 -213.24017
 -213.13949 -213.13949
 -213.17598 -213.17598
 -212.93176 -212.93176
 -213.44277 -213.44277
 -213.04059 -213.04059
 -213.09874 -213.09874
 -213.03784 -213.03784
 -213.08519 -213.08519
 -213.217 -213.217
 -212.79231 -212.79231
 -213.47604 -213.47604
 -212.91078 -212.91078
 -212.29813 -212.29813
 -212.84817 -212.84817
 -212.66005 -212.66005
 -212.82981 -212.82981
 -213.08063 -213.08063
 -213.13277 -213.13277
 -212.78379 -212.78379
 -213.23988 -213.23988
 -212.98276 -212.98276
 -212.90826 -212.90826
 -213.25282 -213.25282
 -213.4878 -213.4878
 -213.00755 -213.00755
 -212.46768 -212.46768
 -213.15198 -213.15198
 -212.50176 -212.50176
 -213.16354 -213.16354
 -213.19613 -213.19613
 -212.91412 -212.91412
 -213.09998 -213.09998
 -212.63055 -212.63055
 -213.07455 -213.07455
 -212.71689 -212.71689
 -213.37736 -213.37736
 -212.5931 -212.5931
 -213.05081 -213.05081
 -212.80371 -212.80371
 -212.8771 -212.8771
 -212.9185 -212.9185
 -213.05382 -213.05382
 -213.2129 -213.2129
 -212.8088 -212.8088
 -213.30099 -213.30099
 -211.92502 -211.92502
 -212.93871 -212.93871
 -213.04696 -213.04696
 -212.0868 -212.0868
 -212.85068 -212.85068
 -212.77038 -212.77038
 -212.62665 -212.62665
 -212.772 -212.772
 -212.58401 -212.58401
 -213.24356 -213.24356
 -212.97856 -212.97856
 -213.3706 -213.3706
 -213.24682 -213.24682
 -212.67356 -212.67356
 -213.16422 -213.16422
 -212.38717 -212.38717
 -213.05839 -213.05839
 -212.62844 -212.62844
 -213.1215 -213.1215
 -212.92721 -212.92721
 -213.56648 -213.56648
 -213.18461 -213.18461
 -213.17285 -213.17285
 -213.5286 -213.5286
 -212.63168 -212.63168
 -213.34135 -213.34135
 -212.66733 -212.66733
 -213.22385 -213.22385
 -213.0789 -213.0789
 -213.39835 -213.39835
 -212.28802 -212.28802
 -212.98764 -212.98764
 -212.80107 -212.80107
 -212.90072 -212.90072
 -212.44323 -212.44323
 -212.72855 -212.72855
 -212.45469 -212.45469
 -212.71625 -212.71625
 -212.78857 -212.78857
 -213.43799 -213.43799
 -213.2691 -213.2691
 -212.63647 -212.63647
 -213.62225 -213.62225
 -212.29895 -212.29895
 -212.88796 -212.88796
 -212.97633 -212.97633
 -213.03009 -213.03009
 -212.77562 -212.77562
 -212.49714 -212.49714
 -212.97346 -212.97346
 -212.96568 -212.96568
 -213.80627 -213.80627
 -213.04876 -213.04876
 -213.12595 -213.12595
 -212.91988 -212.91988
 -213.23712 -213.23712
 -212.48005 -212.48005
 -213.35548 -213.35548
 -212.35559 -212.35559
 -213.19831 -213.19831
 -212.98994 -212.98994
 -212.36014 -212.36014
 -212.68064 -212.68064
 -213.07092 -213.07092
 -213.10021 -213.10021
 -213.66579 -213.66579
 -213.38104 -213.38104
 -212.98836 -212.98836
 -212.31878 -212.31878
 -213.08925 -213.08925
 -213.43602 -213.43602
 -213.16755 -213.16755
 -211.90391 -211.90391
 -213.45185 -213.45185
 -212.93859 -212.93859
 -212.76285 -212.76285
 -213.03833 -213.03833
 -212.59027 -212.59027
 -212.28616 -212.28616
 -212.66565 -212.66565
 -213.48599 -213.48599
 -213.31892 -213.31892
 -213.17849 -213.17849
 -212.97794 -212.97794
 -212.98334 -212.98334
 -213.47309 -213.47309
 -212.6378 -212.6378
 -213.35899 -213.35899
 -212.19076 -212.19076
 -213.04361 -213.04361
 -212.01842 -212.01842
 -212.87101 -212.87101
 -213.0284 -213.0284
 -212.8719 -212.8719
 -212.77141 -212.77141
 -213.41242 -213.41242
 -212.49117 -212.49117
 -213.15776 -213.15776
 -213.06292 -213.06292
 -213.09903 -213.09903
 -213.30864 -213.30864
 -213.0475 -213.0475
 -212.21843 -212.21843
 -213.06545 -213.06545
 -212.37553 -212.37553
 -212.89159 -212.89159
 -212.75779 -212.75779
 -213.60856 -213.60856
 -213.36051 -213.36051
 -212.86741 -212.86741
 -213.41284 -213.41284
 -212.64533 -212.64533
 -213.16661 -213.16661
 -212.86691 -212.86691
 -213.18971 -213.18971
 -212.74025 -212.74025
 -212.7219 -212.7219
 -212.80576 -212.80576
 -213.57946 -213.57946
 -212.63453 -212.63453
 -213.5021 -213.5021
 -213.20783 -213.20783
 -212.9899 -212.9899
 -212.62583 -212.62583
 -213.00622 -213.00622
 -212.98009 -212.98009
 -213.07074 -213.07074
 -212.76094 -212.76094
 -213.18874 -213.18874
 -213.06013 -213.06013
 -212.78808 -212.78808
 -213.08237 -213.08237
 -213.1973 -213.1973
 -212.65054 -212.65054
 -212.72068 -212.72068
 -213.10699 -213.10699
 -213.18379 -213.18379
 -212.58087 -212.58087
 -213.26026 -213.26026
 -212.69889 -212.69889
 -213.00001 -213.00001
 -213.0815 -213.0815
 -212.609 -212.609
 -212.95503 -212.95503
 -212.67024 -212.67024
 -212.70147 -212.70147
 -212.60934 -212.60934
 -212.36009 -212.36009
 -212.81178 -212.81178
 -213.1852 -213.1852
 -213.38439 -213.38439
 -213.00109 -213.00109
 -212.74094 -212.74094
 -212.75875 -212.75875
 -213.45885 -213.45885
 -212.35501 -212.35501
 -212.91768 -212.91768
 -212.58222 -212.58222
 -212.80776 -212.80776
 -212.73843 -212.73843
 -212.79943 -212.79943
 -212.80407 -212.80407
 -213.75014 -213.75014
 -212.44279 -212.44279
 -212.7654 -212.7654
 -213.2693 -213.2693
 -212.48934 -212.48934
 -213.15086 -213.15086
 -212.57718 -212.57718
 -213.16143 -213.16143
 -212.89648 -212.89648
 -213.2177 -213.2177
 -212.46183 -212.46183
 -212.83984 -212.83984
 -212.82736 -212.82736
 -213.35309 -213.35309
 -212.24455 -212.24455
 -213.11437 -213.11437
 -213.06173 -213.06173
 -212.95572 -212.95572
 -213.06214 -213.06214
 -213.01812 -213.01812
 -213.09701 -213.09701
 -212.92988 -212.92988
 -213.58526 -213.58526
 -213.17853 -213.17853
 -212.35428 -212.35428
 -213.05445 -213.05445
 -213.19548 -213.19548
 -213.6299 -213.6299
 -213.44529 -213.44529
 -212.26851 -212.26851
 -213.62027 -213.62027
 -212.49573 -212.49573
 -213.12995 -213.12995
 -213.53742 -213.53742
 -212.51846 -212.51846
 -212.73229 -212.73229
 -212.78083 -212.78083
 -213.1937 -213.1937
 -212.86296 -212.86296
 -213.53228 -213.53228
 -212.80146 -212.80146
 -213.40563 -213.40563
 -213.03246 -213.03246
 -213.38919 -213.38919
 -212.78422 -212.78422
 -212.90034 -212.90034
 -212.85377 -212.85377
 -212.8479 -212.8479
 -212.25477 -212.25477
 -212.77018 -212.77018
 -212.14802 -212.14802
 -213.34052 -213.34052
 -212.78552 -212.78552
 -213.26935 -213.26935
 -213.01038 -213.01038
 -213.13857 -213.13857
 -213.38322 -213.38322
 -212.07165 -212.07165
 -212.90945 -212.90945
 -212.82383 -212.82383
 -212.86756 -212.86756
 -213.18761 -213.18761
 -212.85702 -212.85702
 -212.96999 -212.96999
 -212.98703 -212.98703
 -212.81588 -212.81588
 -213.30123 -213.30123
 -213.15762 -213.15762
 -212.88607 -212.88607
 -212.887 -212.887
 -213.41667 -213.41667
 -212.83645 -212.83645
 -213.47092 -213.47092
 -213.03848 -213.03848
 -212.87681 -212.87681
 -212.93281 -212.93281
 -213.41312 -213.41312
 -213.09188 -213.09188
 -213.28478 -213.28478
 -212.4687 -212.4687
 -213.13475 -213.13475
 -212.62178 -212.62178
 -213.54994 -213.54994
 -213.12301 -213.12301
 -212.81406 -212.81406
 -213.63204 -213.63204
 -212.56444 -212.56444
 -212.98711 -212.98711
 -212.51322 -212.51322
 -213.74425 -213.74425
 -212.85144 -212.85144
 -213.40834 -213.40834
 -212.44857 -212.44857
 -212.40168 -212.40168
 -213.33768 -213.33768
 -212.71749 -212.71749
 -212.97757 -212.97757
 -212.89802 -212.89802
 -213.04353 -213.04353
 -212.81993 -212.81993
 -212.92804 -212.92804
 -213.56766 -213.56766
 -213.19182 -213.19182
 -213.04909 -213.04909
 -213.95319 -213.95319
 -212.93372 -212.93372
 -213.14628 -213.14628
 -212.40863 -212.40863
 -213.19534 -213.19534
 -213.08409 -213.08409
 -212.81066 -212.81066
 -213.17903 -213.17903
 -213.23577 -213.23577
 -212.19607 -212.19607
 -213.29308 -213.29308
 -212.86633 -212.86633
 -213.56853 -213.56853
 -212.91201 -212.91201
 -212.96023 -212.96023
 -213.12745 -213.12745
 -213.01288 -213.01288
 -213.33823 -213.33823
 -213.30518 -213.30518
 -212.92816 -212.92816
 -213.46125 -213.46125
 -212.33021 -212.33021
 -213.23579 -213.23579
 -212.58036 -212.58036
 -212.74418 -212.74418
 -212.91826 -212.91826
 -212.54542 -212.54542
 -212.77938 -212.77938
 -213.01843 -213.01843
 -212.71825 -212.71825
 -212.46053 -212.46053
 -213.26116 -213.26116
 -213.09708 -213.09708
 -212.63918 -212.63918
 -212.8899 -212.8899
 -213.29506 -213.29506
 -212.80153 -212.80153
 -213.37483 -213.37483
 -213.25432 -213.25432
 -212.39192 -212.39192
 -212.97955 -212.97955
 -212.21449 -212.21449
 -212.84333 -212.84333
 -212.49522 -212.49522
 -213.74017 -213.74017
 -212.41531 -212.41531
 -213.31526 -213.31526
 -213.53822 -213.53822
 -212.20446 -212.20446
 -213.29092 -213.29092
 -213.19038 -213.19038
 -212.88811 -212.88811
 -213.50219 -213.50219
 -212.73447 -212.73447
 -213.08178 -213.08178
 -212.37397 -212.37397
 -213.22778 -213.22778
 -212.47466 -212.47466
 -213.5274 -213.5274
 -212.8827 -212.8827
 -213.41939 -213.41939
 -212.99256 -212.99256
 -213.39028 -213.39028
 -212.62832 -212.62832
 -212.86032 -212.86032
 -212.21824 -212.21824
 -213.4639 -213.4639
 -212.75136 -212.75136
 -213.28622 -213.28622
 -212.99348 -212.99348
 -212.6646 -212.6646
 -212.14192 -212.14192
 -212.7665 -212.7665
 -212.53037 -212.53037
 -213.15825 -213.15825
 -213.23314 -213.23314
 -212.5505 -212.5505
 -212.95714 -212.95714
 -212.81274 -212.81274
 -212.60112 -212.60112
 -212.97527 -212.97527
 -212.86132 -212.86132
 -211.90974 -211.90974
 -212.71757 -212.71757
 -213.00672 -213.00672
 -213.21455 -213.21455
 -212.67848 -212.67848
 -213.23339 -213.23339
 -213.07535 -213.07535
 -213.38999 -213.38999
 -212.72098 -212.72098
 -213.58408 -213.58408
 -212.77239 -212.77239
 -212.37523 -212.37523
 -213.1676 -213.1676
 -213.01429 -213.01429
 -212.6591 -212.6591
 -213.07722 -213.07722
 -213.10605 -213.10605
 -213.20563 -213.20563
 -212.8189 -212.8189
 -212.79742 -212.79742
 -212.69658 -212.69658
 -212.4955 -212.4955
 -213.05574 -213.05574
 -213.09572 -213.09572
 -212.54358 -212.54358
 -212.98463 -212.98463
 -212.81219 -212.81219
 -212.67956 -212.67956
 -212.59215 -212.59215
 -212.5086 -212.5086
 -213.07664 -213.07664
 -212.9302 -212.9302
 -213.13176 -213.13176
 -213.25268 -213.25268
 -212.71555 -212.71555
 -213.6529 -213.6529
 -213.05704 -213.05704
 -213.30667 -213.30667
 -213.08969 -213.08969
 -212.20062 -212.20062
 -212.85204 -212.85204
 -212.97626 -212.97626
 -212.73415 -212.73415
 -213.26858 -213.26858
 -213.08976 -213.08976
 -213.62158 -213.62158
 -212.77865 -212.77865
 -213.02395 -213.02395
 -212.06373 -212.06373
 -212.61714 -212.61714
 -213.152 -213.152
 -212.67027 -212.67027
 -213.47489 -213.47489
 -213.04114 -213.04114
 -212.9251 -212.9251
 -212.49342 -212.49342
 -213.8243 -213.8243
 -212.64942 -212.64942
 -212.97777 -212.97777
 -212.54609 -212.54609
 -212.82116 -212.82116
 -212.94532 -212.94532
 -213.1812 -213.1812
 -212.93199 -212.93199
 -212.98399 -212.98399
 -213.04064 -213.04064
 -212.17652 -212.17652
 -212.97505 -212.97505
 -212.4029 -212.4029
 -213.24639 -213.24639
 -213.20176 -213.20176
 -213.28013 -213.28013
 -212.02732 -212.02732
 -213.34183 -213.34183
 -213.43662 -213.43662
 -213.09683 -213.09683
 -213.84483 -213.84483
 -212.79557 -212.79557
 -212.99061 -212.99061
 -213.1835 -213.1835
 -212.64879 -212.64879
 -212.73327 -212.73327
 -213.23568 -213.23568
 -213.00773 -213.00773
 -212.71559 -212.71559
 -213.16431 -213.16431
 -212.91598 -212.91598
 -213.38967 -213.38967
 -212.56051 -212.56051
 -212.86469 -212.86469
 -212.42509 -212.42509
 -213.74622 -213.74622
 -212.97375 -212.97375
 -213.33886 -213.33886
 -212.47038 -212.47038
 -212.85032 -212.85032
 -212.41811 -212.41811
 -212.3661 -212.3661
 -212.58569 -212.58569
 -213.1713 -213.1713
 -212.60042 -212.60042
 -212.71472 -212.71472
 -213.95255 -213.95255
 -212.99919 -212.99919
 -213.24803 -213.24803
 -212.33158 -212.33158
 -212.64201 -212.64201
 -212.27842 -212.27842
 -212.47817 -212.47817
 -212.5976 -212.5976
 -212.88178 -212.88178
 -212.98395 -212.98395
 -212.93763 -212.93763
 -212.45799 -212.45799
 -212.5691 -212.5691
 -212.53426 -212.53426
 -212.77184 -212.77184
 -213.24364 -213.24364
 -212.61865 -212.61865
 -213.19404 -213.19404
 -212.54227 -212.54227
 -213.44768 -213.44768
 -213.58744 -213.58744
 -213.02133 -213.02133
 -212.81045 -212.81045
 -212.20609 -212.20609
 -213.06026 -213.06026
 -213.15429 -213.15429
 -213.06629 -213.06629
 -212.52366 -212.52366
 -212.70584 -212.70584
 -213.10717 -213.10717
 -212.30476 -212.30476
 -212.97895 -212.97895
 -212.5375 -212.5375
 -213.05942 -213.05942
 -213.22229 -213.22229
 -213.34434 -213.34434
 -212.74162 -212.74162
 -212.86459 -212.86459
 -212.35094 -212.35094
 -212.74593 -212.74593
 -212.62624 -212.62624
 -212.35774 -212.35774
 -213.23089 -213.23089
 -212.91134 -212.91134
 -213.07144 -213.07144
 -212.99656 -212.99656
 -213.38882 -213.38882
 -212.9368 -212.9368
 -213.20116 -213.20116
 -212.72256 -212.72256
 -212.59841 -212.59841
 -213.36104 -213.36104
 -212.20532 -212.20532
 -213.01427 -213.01427
 -213.52468 -213.52468
 -212.47369 -212.47369
 -213.57888 -213.57888
 -212.87135 -212.87135
 -212.43735 -212.43735
 -212.94016 -212.94016
 -212.63805 -212.63805
 -213.12628 -213.12628
 -212.6216 -212.6216
 -213.1146 -213.1146
 -213.01116 -213.01116
 -213.66879 -213.66879
 -212.18171 -212.18171
 -213.75839 -213.75839
 -213.40479 -213.40479
 -213.29655 -213.29655
 -213.51058 -213.51058
 -213.12142 -213.12142
 -212.81896 -212.81896
 -213.307 -213.307
 -212.30118 -212.30118
 -212.9266 -212.9266
 -213.39345 -213.39345
 -212.72951 -212.72951
 -213.06735 -213.06735
 -213.10457 -213.10457
 -212.85314 -212.85314
 -213.20099 -213.20099
 -212.71551 -212.71551
 -212.98819 -212.98819
 -213.29252 -213.29252
 -213.20846 -213.20846
 -212.36973 -212.36973
 -213.08857 -213.08857
 -212.45343 -212.45343
 -213.22485 -213.22485
 -213.55457 -213.55457
 -212.5819 -212.5819
 -212.85687 -212.85687
 -213.05273 -213.05273
 -212.99803 -212.99803
 -212.50082 -212.50082
 -213.13059 -213.13059
 -212.50427 -212.50427
 -213.07181 -213.07181
 -212.47544 -212.47544
 -213.06281 -213.06281
 -212.48272 -212.48272
 -212.65147 -212.65147
 -212.83129 -212.83129
 -212.70705 -212.70705
 -213.38997 -213.38997
 -212.47141 -212.47141
 -212.3511 -212.3511
 -213.16398 -213.16398
 -213.03405 -213.03405
 -213.75688 -213.75688
 -212.8973 -212.8973
 -213.14174 -213.14174
 -212.88648 -212.88648
 -213.32365 -213.32365
 -213.0465 -213.0465
 -213.18752 -213.18752
 -212.60109 -212.60109
 -212.93694 -212.93694
 -212.81284 -212.81284
 -212.65798 -212.65798
 -213.64645 -213.64645
 -212.66659 -212.66659
 -213.28647 -213.28647
 -212.80336 -212.80336
 -213.34862 -213.34862
 -212.53608 -212.53608
 -212.88273 -212.88273
 -212.13021 -212.13021
 -213.18473 -213.18473
 -213.2352 -213.2352
 -212.92877 -212.92877
 -213.20637 -213.20637
 -213.12405 -213.12405
 -213.15858 -213.15858
 -213.12217 -213.12217
 -212.9434 -212.9434
 -212.62096 -212.62096
 -212.99395 -212.99395
 -212.98373 -212.98373
 -213.28195 -213.28195
 -212.77873 -212.77873
 -212.80347 -212.80347
 -212.91077 -212.91077
 -213.40488 -213.40488
 -212.47082 -212.47082
 -213.30885 -213.30885
 -212.732 -212.732
 -213.0489 -213.0489
 -212.49914 -212.49914
 -212.92294 -212.92294
 -212.78829 -212.78829
 -212.47155 -212.47155
 -212.84388 -212.84388
 -213.08973 -213.08973
 -213.24572 -213.24572
 -213.56603 -213.56603
 -212.68064 -212.68064
 -213.31022 -213.31022
 -212.61222 -212.61222
 -213.4861 -213.4861
 -212.7212 -212.7212
 -212.73405 -212.73405
 -212.20309 -212.20309
 -212.67784 -212.67784
 -212.86345 -212.86345
 -212.78715 -212.78715
 -212.7219 -212.7219
 -213.42042 -213.42042
 -213.07367 -213.07367
 -213.22924 -213.22924
 -212.69165 -212.69165
 -213.06136 -213.06136
 -212.9924 -212.9924
 -212.26272 -212.26272
 -213.46096 -213.46096
 -212.47799 -212.47799
 -213.12324 -213.12324
 -212.775 -212.775
 -212.93106 -212.93106
 -213.33408 -213.33408
 -212.61242 -212.61242
 -213.40075 -213.40075
 -213.27989 -213.27989
 -213.56101 -213.56101
 -212.87183 -212.87183
 -213.11768 -213.11768
 -213.38325 -213.38325
 -212.77382 -212.77382
 -212.89078 -212.89078
 -212.93679 -212.93679
 -212.50275 -212.50275
 -213.27485 -213.27485
 -213.12137 -213.12137
 -212.75306 -212.75306
 -213.26918 -213.26918
 -212.65052 -212.65052
 -212.79447 -212.79447
 -213.27443 -213.27443
 -213.18276 -213.18276
 -212.99083 -212.99083
 -213.06393 -213.06393
 -212.85034 -212.85034
 -213.39144 -213.39144
 -212.69653 -212.69653
 -212.5034 -212.5034
 -213.01904 -213.01904
 -213.27657 -213.27657
 -213.051 -213.051
 -213.21708 -213.21708
 -212.98265 -212.98265
 -213.10965 -213.10965
 -213.02256 -213.02256
 -213.06253 -213.06253
 -213.0038 -213.0038
 -213.14161 -213.14161
 -212.9175 -212.9175
 -212.79282 -212.79282
 -212.91375 -212.91375
 -212.21104 -212.21104
 -213.10182 -213.10182
 -212.55941 -212.55941
 -213.06178 -213.06178
 -213.07067 -213.07067
 -212.8005 -212.8005
 -212.51747 -212.51747
 -212.98958 -212.98958
 -212.40249 -212.40249
 -213.07312 -213.07312
 -212.87119 -212.87119
 -213.29092 -213.29092
 -212.57654 -212.57654
 -213.53709 -213.53709
 -212.44019 -212.44019
 -213.27403 -213.27403
 -213.1229 -213.1229
 -212.45367 -212.45367
 -212.46545 -212.46545
 -212.41434 -212.41434
 -213.39792 -213.39792
 -212.66912 -212.66912
 -213.09449 -213.09449
 -212.90238 -212.90238
 -212.99194 -212.99194
 -212.6539 -212.6539
 -212.54853 -212.54853
 -213.04166 -213.04166
 -212.4883 -212.4883
 -213.37412 -213.37412
 -212.99764 -212.99764
 -213.12052 -213.12052
 -213.28668 -213.28668
 -212.36232 -212.36232
 -212.83417 -212.83417
 -213.32464 -213.32464
 -213.15482 -213.15482
 -212.89437 -212.89437
 -212.9974 -212.9974
 -212.28339 -212.28339
 -213.49242 -213.49242
 -212.43531 -212.43531
 -212.79471 -212.79471
 -212.6385 -212.6385
 -213.18734 -213.18734
 -213.40035 -213.40035
 -213.73876 -213.73876
 -212.54997 -212.54997
 -212.52465 -212.52465
 -213.13541 -213.13541
 -213.29764 -213.29764
 -212.81055 -212.81055
 -213.39417 -213.39417
 -213.1068 -213.1068
 -213.00612 -213.00612
 -213.25968 -213.25968
 -213.12322 -213.12322
 -212.60867 -212.60867
 -213.11073 -213.11073
 -212.82887 -212.82887
 -213.35258 -213.35258
 -212.19425 -212.19425
 -212.72787 -212.72787
 -212.88362 -212.88362
 -213.34913 -213.34913
 -212.80889 -212.80889
 -212.69064 -212.69064
 -213.2913 -213.2913
 -212.99664 -212.99664
 -213.26106 -213.26106
 -212.96982 -212.96982
 -212.97449 -212.97449
 -213.16389 -213.16389
 -212.40289 -212.40289
 -213.45804 -213.45804
 -212.72887 -212.72887
 -213.06021 -213.06021
 -213.23154 -213.23154
 -212.65629 -212.65629
 -213.07747 -213.07747
 -212.47004 -212.47004
 -213.47221 -213.47221
 -213.07096 -213.07096
 -213.51286 -213.51286
 -212.99328 -212.99328
 -212.67018 -212.67018
 -213.18994 -213.18994
 -213.30404 -213.30404
 -213.04683 -213.04683
 -212.50626 -212.50626
 -213.73679 -213.73679
 -212.77166 -212.77166
 -213.34815 -213.34815
 -212.87033 -212.87033
 -213.41412 -213.41412
 -212.39334 -212.39334
 -212.37236 -212.37236
 -213.11734 -213.11734
 -212.30336 -212.30336
 -213.65601 -213.65601
 -213.02138 -213.02138
 -213.49323 -213.49323
 -212.18339 -212.18339
 -212.82251 -212.82251
 -212.82073 -212.82073
 -213.00614 -213.00614
 -213.13334 -213.13334
 -213.20333 -213.20333
 -212.97184 -212.97184
 -212.81276 -212.81276
 -213.29346 -213.29346
 -212.84776 -212.84776
 -212.96225 -212.96225
 -212.40017 -212.40017
 -212.82126 -212.82126
 -212.6398 -212.6398
 -212.8164 -212.8164
 -212.66521 -212.66521
 -213.31148 -213.31148
 -213.04822 -213.04822
 -212.55182 -212.55182
 -213.23555 -213.23555
 -212.80333 -212.80333
 -213.13445 -213.13445
 -212.31383 -212.31383
 -212.70274 -212.70274
 -212.43876 -212.43876
 -213.17769 -213.17769
 -212.21722 -212.21722
 -213.20827 -213.20827
 -212.99502 -212.99502
 -213.18233 -213.18233
 -213.19755 -213.19755
 -212.54151 -212.54151
 -213.47227 -213.47227
 -212.66395 -212.66395
 -212.91439 -212.91439
 -212.68573 -212.68573
 -212.88647 -212.88647
 -213.08578 -213.08578
 -213.01621 -213.01621
 -213.56706 -213.56706
 -212.84151 -212.84151
 -213.2126 -213.2126
 -212.98765 -212.98765
 -213.4662 -213.4662
 -212.97096 -212.97096
 -213.18748 -213.18748
 -212.56664 -212.56664
 -212.99474 -212.99474
 -212.65131 -212.65131
 -212.77445 -212.77445
 -213.02313 -213.02313
 -212.84272 -212.84272
 -212.64869 -212.64869
 -212.78264 -212.78264
 -212.74268 -212.74268
 -212.79058 -212.79058
 -213.27134 -213.27134
 -213.06451 -213.06451
 -213.28258 -213.28258
 -212.36703 -212.36703
 -213.15016 -213.15016
 -212.70497 -212.70497
 -212.65961 -212.65961
 -213.08864 -213.08864
 -213.42802 -213.42802
 -212.66524 -212.66524
 -213.93531 -213.93531
 -212.94129 -212.94129
 -213.1892 -213.1892
 -212.12919 -212.12919
 -212.67059 -212.67059
 -212.92018 -212.92018
 -213.06411 -213.06411
 -212.19517 -212.19517
 -213.38558 -213.38558
 -212.96287 -212.96287
 -213.37958 -213.37958
 -212.56914 -212.56914
 -212.77444 -212.77444
 -212.74613 -212.74613
 -213.31703 -213.31703
 -212.75925 -212.75925
 -213.14399 -213.14399
 -213.13502 -213.13502
 -212.38862 -212.38862
 -212.54462 -212.54462
 -213.18659 -213.18659
 -212.89821 -212.89821
 -213.40973 -213.40973
 -212.62694 -212.62694
 -212.74022 -212.74022
 -213.2913 -213.2913
 -212.96238 -212.96238
 -212.43286 -212.43286
 -212.78891 -212.78891
 -212.74339 -212.74339
 -213.05002 -213.05002
 -212.66013 -212.66013
 -213.24733 -213.24733
 -213.53418 -213.53418
 -212.76559 -212.76559
 -212.95887 -212.95887
 -212.65396 -212.65396
 -213.43285 -213.43285
 -212.95194 -212.95194
 -213.7757 -213.7757
 -213.24822 -213.24822
 -212.88626 -212.88626
 -212.69974 -212.69974
 -213.04576 -213.04576
 -213.25665 -213.25665
 -213.46868 -213.46868
 -212.47637 -212.47637
 -212.67 -212.67
 -213.04709 -213.04709
 -212.83075 -212.83075
 -213.01952 -213.01952
 -213.09741 -213.09741
 -212.55514 -212.55514
 -212.64464 -212.64464
 -212.99701 -212.99701
 -212.81431 -212.81431
 -213.54257 -213.54257
 -212.94557 -212.94557
 -213.46126 -213.46126
 -212.88084 -212.88084
 -212.758 -212.758
 -213.54051 -213.54051
 -212.54053 -212.54053
 -212.90004 -212.90004
 -212.84529 -212.84529
 -212.74763 -212.74763
 -212.43827 -212.43827
 -212.88533 -212.88533
 -212.41057 -212.41057
 -213.44652 -213.44652
 -212.96182 -212.96182
 -212.6689 -212.6689
 -213.18432 -213.18432
 -212.38505 -212.38505
 -212.78647 -212.78647
 -213.372 -213.372
 -213.1902 -213.1902
 -213.11161 -213.11161
 -213.01125 -213.01125
 -212.61868 -212.61868
 -212.83739 -212.83739
 -212.5423 -212.5423
 -212.8434 -212.8434
 -212.79362 -212.79362
 -212.59632 -212.59632
 -213.39288 -213.39288
 -212.30876 -212.30876
 -213.2669 -213.2669
 -213.37382 -213.37382
 -212.74819 -212.74819
 -213.36939 -213.36939
 -212.61662 -212.61662
 -212.57495 -212.57495
 -213.22487 -213.22487
 -213.14381 -213.14381
 -212.62601 -212.62601
 -212.94796 -212.94796
 -212.90849 -212.90849
 -212.24091 -212.24091
 -213.39449 -213.39449
 -213.29968 -213.29968
 -212.4609 -212.4609
 -212.23264 -212.23264
 -212.44363 -212.44363
 -213.07077 -213.07077
 -213.43953 -213.43953
 -213.286 -213.286
 -212.12728 -212.12728
 -213.1734 -213.1734
 -212.42585 -212.42585
 -213.25743 -213.25743
 -212.57587 -212.57587
 -213.42846 -213.42846
 -212.63704 -212.63704
 -212.62244 -212.62244
 -213.18595 -213.18595
 -212.91443 -212.91443
 -213.01702 -213.01702
 -213.1303 -213.1303
 -212.34494 -212.34494
 -213.1829 -213.1829
 -213.09227 -213.09227
 -212.88069 -212.88069
 -212.88012 -212.88012
 -213.63146 -213.63146
 -213.03547 -213.03547
 -212.68863 -212.68863
 -213.46702 -213.46702
 -213.16007 -213.16007
 -212.81349 -212.81349
 -212.62749 -212.62749
 -212.68337 -212.68337
 -212.78004 -212.78004
 -213.38305 -213.38305
 -213.35436 -213.35436
 -212.55275 -212.55275
 -213.36085 -213.36085
 -213.35599 -213.35599
 -212.86921 -212.86921
 -212.90568 -212.90568
 -213.01665 -213.01665
 -213.46844 -213.46844
 -213.04539 -213.04539
 -213.00599 -213.00599
 -212.89774 -212.89774
 -213.30273 -213.30273
 -213.22014 -213.22014
 -212.74401 -212.74401
 -212.66172 -212.66172
 -212.75563 -212.75563
 -213.62119 -213.62119
 -212.98421 -212.98421
 -213.47728 -213.47728
 -213.14721 -213.14721
 -212.65519 -212.65519
 -212.97618 -212.97618
 -212.4462 -212.4462
 -212.86598 -212.86598
 -213.32805 -213.32805
 -213.16032 -213.16032
 -213.24411 -213.24411
 -212.64147 -212.64147
 -213.48095 -213.48095
 -212.43637 -212.43637
 -213.59894 -213.59894
 -213.01969 -213.01969
 -213.44698 -213.44698
 -212.89879 -212.89879
 -213.0912 -213.0912
 -213.03157 -213.03157
 -212.63627 -212.63627
 -212.64619 -212.64619
 -213.36269 -213.36269
 -213.00645 -213.00645
 -212.86492 -212.86492
 -212.89116 -212.89116
 -212.63101 -212.63101
 -212.57712 -212.57712
 -213.106 -213.106
 -212.1326 -212.1326
 -212.86575 -212.86575
 -212.73941 -212.73941
 -213.18449 -213.18449
 -212.56527 -212.56527
 -213.04388 -213.04388
 -213.20191 -213.20191
 -212.31492 -212.31492
 -213.43978 -213.43978
 -212.80128 -212.80128
 -212.70045 -212.70045
 -213.08799 -213.08799
 -213.61383 -213.61383
 -212.90524 -212.90524
 -213.4459 -213.4459
 -213.12652 -213.12652
 -213.72419 -213.72419
 -212.98156 -212.98156
 -213.19018 -213.19018
 -212.94137 -212.94137
 -212.71066 -212.71066
 -213.21365 -213.21365
 -213.11429 -213.11429
 -212.75612 -212.75612
 -213.14175 -213.14175
 -212.66499 -212.66499
 -212.97029 -212.97029
 -212.91676 -212.91676
 -212.72577 -212.72577
 -212.9966 -212.9966
 -212.27898 -212.27898
 -212.95856 -212.95856
 -213.03329 -213.03329
 -212.91908 -212.91908
 -213.4908 -213.4908
 -212.4331 -212.4331
 -213.16438 -213.16438
 -212.61673 -212.61673
 -212.7585 -212.7585
 -212.73112 -212.73112
 -212.98382 -212.98382
 -212.91744 -212.91744
 -213.14476 -213.14476
 -213.12795 -213.12795
 -213.09722 -213.09722
 -212.16864 -212.16864
 -212.89403 -212.89403
 -213.27762 -213.27762
 -212.42295 -212.42295
 -212.9884 -212.9884
 -212.32088 -212.32088
 -213.08261 -213.08261
 -212.54498 -212.54498
 -213.04536 -213.04536
 -213.32267 -213.32267
 -213.96705 -213.96705
 -212.82648 -212.82648
 -213.79753 -213.79753
 -212.78756 -212.78756
 -212.75051 -212.75051
 -212.6707 -212.6707
 -213.21701 -213.21701
 -212.62048 -212.62048
 -213.11695 -213.11695
 -213.25458 -213.25458
 -213.18358 -213.18358
 -212.74395 -212.74395
 -212.5627 -212.5627
 -213.26723 -213.26723
 -212.75696 -212.75696
 -212.53186 -212.53186
 -213.44903 -213.44903
 -212.97175 -212.97175
 -212.25473 -212.25473
 -213.30876 -213.30876
 -212.61335 -212.61335
 -212.31869 -212.31869
 -212.80637 -212.80637
 -213.08425 -213.08425
 -212.21515 -212.21515
 -213.15963 -213.15963
 -213.10259 -213.10259
 -212.79074 -212.79074
 -212.57115 -212.57115
 -213.51509 -213.51509
 -213.05625 -213.05625
 -213.1746 -213.1746
 -212.54841 -212.54841
 -212.67022 -212.67022
 -213.23095 -213.23095
 -212.23687 -212.23687
 -213.10058 -213.10058
 -212.44682 -212.44682
 -212.86769 -212.86769
 -212.95996 -212.95996
 -213.46257 -213.46257
 -212.52338 -212.52338
 -213.24723 -213.24723
 -212.64424 -212.64424
 -213.05878 -213.05878
 -212.33583 -212.33583
 -212.80843 -212.80843
 -212.05814 -212.05814
 -213.19992 -213.19992
 -212.43866 -212.43866
 -212.93558 -212.93558
 -213.23779 -213.23779
 -213.13475 -213.13475
 -213.40985 -213.40985
 -212.43294 -212.43294
 -213.14737 -213.14737
 -212.89217 -212.89217
 -212.89875 -212.89875
 -213.12397 -213.12397
 -213.08982 -213.08982
 -213.19588 -213.19588
 -212.82294 -212.82294
 -212.794 -212.794
 -213.35631 -213.35631
 -213.39975 -213.39975
 -213.10464 -213.10464
 -213.32699 -213.32699
 -212.67508 -212.67508
 -212.59625 -212.59625
 -212.80209 -212.80209
 -212.79948 -212.79948
 -212.57912 -212.57912
 -213.14185 -213.14185
 -212.89085 -212.89085
 -212.99073 -212.99073
 -212.79705 -212.79705
 -212.98934 -212.98934
 -212.66481 -212.66481
 -213.25818 -213.25818
 -213.20111 -213.20111
 -213.3689 -213.3689
 -213.3147 -213.3147
 -213.02512 -213.02512
 -213.09896 -213.09896
 -212.56847 -212.56847
 -212.87919 -212.87919
 -212.69674 -212.69674
 -213.57644 -213.57644
 -213.06226 -213.06226
 -212.72227 -212.72227
 -212.91607 -212.91607
 -212.32951 -212.32951
 -213.25788 -213.25788
 -213.20176 -213.20176
 -212.76781 -212.76781
 -213.16744 -213.16744
 -213.08532 -213.08532
 -213.24492 -213.24492
 -213.09488 -213.09488
 -213.37527 -213.37527
 -213.14141 -213.14141
 -212.22152 -212.22152
 -212.83178 -212.83178
 -212.34699 -212.34699
 -213.27243 -213.27243
 -212.43214 -212.43214
 -213.487 -213.487
 -212.44567 -212.44567
 -212.97759 -212.97759
 -213.01598 -213.01598
 -212.81758 -212.81758
 -213.36577 -213.36577
 -212.50725 -212.50725
 -213.18907 -213.18907
 -212.8453 -212.8453
 -213.39997 -213.39997
 -213.02108 -213.02108
 -213.39797 -213.39797
 -212.36155 -212.36155
 -213.67237 -213.67237
 -212.83477 -212.83477
 -213.01174 -213.01174
 -212.99943 -212.99943
 -213.22011 -213.22011
 -212.66297 -212.66297
 -213.23942 -213.23942
 -212.9901 -212.9901
 -213.2319 -213.2319
 -212.55863 -212.55863
 -212.62396 -212.62396
 -213.34713 -213.34713
 -213.18725 -213.18725
 -213.22455 -213.22455
 -212.3764 -212.3764
 -213.20163 -213.20163
 -212.58734 -212.58734
 -212.57027 -212.57027
 -212.44848 -212.44848
 -212.68411 -212.68411
 -213.10953 -213.10953
 -213.23516 -213.23516
 -213.41929 -213.41929
 -212.32526 -212.32526
 -212.79742 -212.79742
 -212.93231 -212.93231
 -213.47065 -213.47065
 -213.02612 -213.02612
 -213.1027 -213.1027
 -213.06135 -213.06135
 -213.09567 -213.09567
 -213.46124 -213.46124
 -212.75011 -212.75011
 -212.71646 -212.71646
 -212.67987 -212.67987
 -212.65032 -212.65032
 -212.85845 -212.85845
 -212.75997 -212.75997
 -212.91787 -212.91787
 -213.21081 -213.21081
 -213.62005 -213.62005
 -213.32177 -213.32177
 -213.38097 -213.38097
 -212.88555 -212.88555
 -212.83023 -212.83023
 -213.35853 -213.35853
 -212.62931 -212.62931
 -212.64662 -212.64662
 -213.04892 -213.04892
 -212.70659 -212.70659
 -213.12585 -213.12585
 -212.5162 -212.5162
 -212.72307 -212.72307
 -212.99933 -212.99933
 -212.54274 -212.54274
 -212.86607 -212.86607
 -211.79904 -211.79904
 -212.90802 -212.90802
 -212.63763 -212.63763
 -212.22787 -212.22787
 -212.04766 -212.04766
 -212.93371 -212.93371
 -212.52316 -212.52316
 -212.69168 -212.69168
 -213.11247 -213.11247
 -213.17 -213.17
 -213.15531 -213.15531
 -213.31101 -213.31101
 -213.2509 -213.2509
 -212.71832 -212.71832
 -212.82662 -212.82662
 -213.37696 -213.37696
 -212.90908 -212.90908
 -212.55697 -212.55697
 -213.77402 -213.77402
 -212.77319 -212.77319
 -213.54689 -213.54689
 -213.19995 -213.19995
 -212.06417 -212.06417
 -212.96245 -212.96245
 -213.32341 -213.32341
 -213.02163 -213.02163
 -213.28283 -213.28283
 -212.75778 -212.75778
 -213.22611 -213.22611
 -213.05364 -213.05364
 -213.33315 -213.33315
 -212.75638 -212.75638
 -213.16046 -213.16046
 -212.86888 -212.86888
 -212.62254 -212.62254
 -212.58075 -212.58075
 -212.90994 -212.90994
 -212.71043 -212.71043
 -213.31986 -213.31986
 -212.29103 -212.29103
 -213.34605 -213.34605
 -212.77782 -212.77782
 -213.06938 -213.06938
 -212.12439 -212.12439
 -213.10427 -213.10427
 -212.49782 -212.49782
 -213.26909 -213.26909
 -213.25161 -213.25161
 -213.24561 -213.24561
 -213.21433 -213.21433
 -212.63488 -212.63488
 -212.30427 -212.30427
 -212.94477 -212.94477
 -212.8617 -212.8617
 -212.26743 -212.26743
 -213.28393 -213.28393
 -213.35245 -213.35245
 -213.55427 -213.55427
 -212.87689 -212.87689
 -212.39494 -212.39494
 -213.29229 -213.29229
 -212.31044 -212.31044
 -212.6439 -212.6439
 -212.76443 -212.76443
 -213.2009 -213.2009
 -212.91567 -212.91567
 -213.20924 -213.20924
 -213.52835 -213.52835
 -212.27211 -212.27211
 -213.26638 -213.26638
 -212.75133 -212.75133
 -213.05693 -213.05693
 -212.08496 -212.08496
 -213.17922 -213.17922
 -212.48973 -212.48973
 -213.30092 -213.30092
 -213.1055 -213.1055
 -212.7999 -212.7999
 -213.22959 -213.22959
 -212.78718 -212.78718
 -213.16001 -213.16001
 -212.74589 -212.74589
 -213.21878 -213.21878
 -212.56683 -212.56683
 -213.38078 -213.38078
 -213.28317 -213.28317
 -213.13147 -213.13147
 -212.14877 -212.14877
 -212.95103 -212.95103
 -213.18314 -213.18314
 -212.90487 -212.90487
 -212.73733 -212.73733
 -213.24904 -213.24904
 -212.83595 -212.83595
 -212.62605 -212.62605
 -213.55107 -213.55107
 -212.93452 -212.93452
 -213.07205 -213.07205
 -213.26764 -213.26764
 -211.90176 -211.90176
 -213.0764 -213.0764
 -212.42701 -212.42701
 -213.13095 -213.13095
 -212.17073 -212.17073
 -213.31789 -213.31789
 -212.70098 -212.70098
 -212.94711 -212.94711
 -213.28371 -213.28371
 -213.22361 -213.22361
 -212.80071 -212.80071
 -213.2928 -213.2928
 -212.75309 -212.75309
 -212.77561 -212.77561
 -213.71094 -213.71094
 -212.36063 -212.36063
 -213.32801 -213.32801
 -212.91591 -212.91591
 -213.09674 -213.09674
 -213.29659 -213.29659
 -212.59717 -212.59717
 -213.465 -213.465
 -212.40734 -212.40734
 -213.09053 -213.09053
 -213.59677 -213.59677
 -212.63489 -212.63489
 -212.68486 -212.68486
 -212.41099 -212.41099
 -213.13684 -213.13684
 -213.1839 -213.1839
 -213.27937 -213.27937
 -212.96047 -212.96047
 -213.25739 -213.25739
 -212.12803 -212.12803
 -213.2634 -213.2634
 -212.2753 -212.2753
 -213.50671 -213.50671
 -212.38425 -212.38425
 -213.35059 -213.35059
 -212.63374 -212.63374
 -213.35528 -213.35528
 -212.98777 -212.98777
 -212.86486 -212.86486
 -212.52633 -212.52633
 -213.40557 -213.40557
 -212.8786 -212.8786
 -212.64028 -212.64028
 -212.89401 -212.89401
 -212.95439 -212.95439
 -213.34475 -213.34475
 -212.66755 -212.66755
 -212.63878 -212.63878
 -212.97063 -212.97063
 -212.72595 -212.72595
 -213.37304 -213.37304
 -212.63006 -212.63006
 -213.06491 -213.06491
 -213.73527 -213.73527
 -212.58563 -212.58563
 -212.89575 -212.89575
 -212.70811 -212.70811
 -212.96869 -212.96869
 -212.91411 -212.91411
 -213.21103 -213.21103
 -212.46073 -212.46073
 -213.71395 -213.71395
 -213.21563 -213.21563
 -213.13107 -213.13107
 -213.43883 -213.43883
 -213.10322 -213.10322
 -213.12618 -213.12618
 -212.90402 -212.90402
 -212.52182 -212.52182
 -213.2629 -213.2629
 -212.18327 -212.18327
 -212.88151 -212.88151
 -212.63014 -212.63014
 -213.14583 -213.14583
 -211.5206 -211.5206
 -213.32808 -213.32808
 -213.19977 -213.19977
 -213.17127 -213.17127
 -212.42839 -212.42839
 -212.35323 -212.35323
 -212.99305 -212.99305
 -212.55067 -212.55067
 -212.99326 -212.99326
 -212.49607 -212.49607
 -213.34155 -213.34155
 -212.04971 -212.04971
 -212.88683 -212.88683
 -212.83084 -212.83084
 -212.64973 -212.64973
 -213.57008 -213.57008
 -212.71393 -212.71393
 -213.61959 -213.61959
 -213.51335 -213.51335
 -212.2177 -212.2177
 -213.30046 -213.30046
 -212.79969 -212.79969
 -212.78915 -212.78915
 -213.05674 -213.05674
 -212.76772 -212.76772
 -213.17488 -213.17488
 -212.43556 -212.43556
 -213.25121 -213.25121
 -212.63877 -212.63877
 -212.52806 -212.52806
 -212.70308 -212.70308
 -212.08034 -212.08034
 -213.09676 -213.09676
 -212.58189 -212.58189
 -213.02913 -213.02913
 -213.25451 -213.25451
 -212.96466 -212.96466
 -213.52109 -213.52109
 -212.75249 -212.75249
 -213.03974 -213.03974
 -213.28662 -213.28662
 -212.89405 -212.89405
 -213.33194 -213.33194
 -212.23056 -212.23056
 -212.94296 -212.94296
 -213.19402 -213.19402
 -212.84437 -212.84437
 -212.53428 -212.53428
 -213.18508 -213.18508
 -212.94712 -212.94712
 -212.91616 -212.91616
 -213.07372 -213.07372
 -213.90119 -213.90119
 -212.38645 -212.38645
 -212.82766 -212.82766
 -212.36617 -212.36617
 -212.97091 -212.97091
 -212.92321 -212.92321
 -213.12199 -213.12199
 -213.20033 -213.20033
 -212.89207 -212.89207
 -212.70589 -212.70589
 -212.66012 -212.66012
 -212.74718 -212.74718
 -213.13579 -213.13579
 -212.64707 -212.64707
 -212.89955 -212.89955
 -213.04132 -213.04132
 -212.94921 -212.94921
 -212.31164 -212.31164
 -213.57912 -213.57912
 -212.49321 -212.49321
 -213.19261 -213.19261
 -212.96624 -212.96624
 -212.67614 -212.67614
 -213.33843 -213.33843
 -212.75983 -212.75983
 -212.89604 -212.89604
 -213.0831 -213.0831
 -212.87536 -212.87536
 -212.86037 -212.86037
 -212.84959 -212.84959
 -212.82782 -212.82782
 -213.17738 -213.17738
 -213.02379 -213.02379
 -213.11972 -213.11972
 -212.58209 -212.58209
 -213.21744 -213.21744
 -212.58732 -212.58732
 -213.09201 -213.09201
 -212.61995 -212.61995
 -213.5079 -213.5079
 -212.50368 -212.50368
 -213.13213 -213.13213
 -211.96946 -211.96946
 -213.2714 -213.2714
 -212.53332 -212.53332
 -212.46973 -212.46973
 -213.57669 -213.57669
 -212.1547 -212.1547
 -213.06296 -213.06296
 -213.43821 -213.43821
 -212.87698 -212.87698
 -212.4911 -212.4911
 -213.19967 -213.19967
 -212.87318 -212.87318
 -212.82048 -212.82048
 -212.57547 -212.57547
 -212.69818 -212.69818
 -212.9074 -212.9074
 -212.93555 -212.93555
 -213.05463 -213.05463
 -212.63748 -212.63748
 -212.44697 -212.44697
 -212.74431 -212.74431
 -212.99024 -212.99024
 -212.89011 -212.89011
 -213.61054 -213.61054
 -212.81736 -212.81736
 -213.15532 -213.15532
 -212.72107 -212.72107
 -212.71337 -212.71337
 -212.80415 -212.80415
 -212.82075 -212.82075
 -212.70109 -212.70109
 -212.90562 -212.90562
 -213.72608 -213.72608
 -212.89572 -212.89572
 -213.39374 -213.39374
 -213.70009 -213.70009
 -213.28899 -213.28899
 -213.19678 -213.19678
 -212.41987 -212.41987
 -213.51452 -213.51452
 -212.935 -212.935
 -213.04921 -213.04921
 -212.59873 -212.59873
 -212.81699 -212.81699
 -212.83387 -212.83387
 -212.93858 -212.93858
 -212.7094 -212.7094
 -212.76009 -212.76009
 -212.1478 -212.1478
 -213.21285 -213.21285
 -212.35932 -212.35932
 -213.18426 -213.18426
 -213.51111 -213.51111
 -212.95521 -212.95521
 -213.15156 -213.15156
 -212.42621 -212.42621
 -213.13612 -213.13612
 -213.24237 -213.24237
 -211.99669 -211.99669
 -213.11639 -213.11639
 -212.93929 -212.93929
 -213.00367 -213.00367
 -213.45753 -213.45753
 -213.12364 -213.12364
 -213.10131 -213.10131
 -212.64475 -212.64475
 -213.80409 -213.80409
 -212.34559 -212.34559
 -213.24915 -213.24915
 -212.90639 -212.90639
 -212.21243 -212.21243
 -212.33472 -212.33472
 -213.18132 -213.18132
 -212.92515 -212.92515
 -212.22946 -212.22946
 -213.47629 -213.47629
 -212.96373 -212.96373
 -213.08777 -213.08777
 -212.70488 -212.70488
 -213.88008 -213.88008
 -212.64891 -212.64891
 -212.77457 -212.77457
 -213.49919 -213.49919
 -213.35606 -213.35606
 -212.56958 -212.56958
 -213.4168 -213.4168
 -212.75794 -212.75794
 -213.39095 -213.39095
 -213.24711 -213.24711
 -213.41705 -213.41705
 -212.69297 -212.69297
 -213.0965 -213.0965
 -213.39397 -213.39397
 -212.66524 -212.66524
 -213.091 -213.091
 -212.76635 -212.76635
 -212.52041 -212.52041
 -212.97597 -212.97597
 -212.60429 -212.60429
 -212.73915 -212.73915
 -212.89169 -212.89169
 -212.82565 -212.82565
 -213.31731 -213.31731
 -213.09277 -213.09277
 -212.98383 -212.98383
 -212.43018 -212.43018
 -212.9908 -212.9908
 -212.39252 -212.39252
 -213.05989 -213.05989
 -212.57286 -212.57286
 -213.20569 -213.20569
 -212.98219 -212.98219
 -213.34359 -213.34359
 -213.18584 -213.18584
 -212.5084 -212.5084
 -213.29534 -213.29534
 -212.708 -212.708
 -212.9071 -212.9071
 -212.61786 -212.61786
 -213.32303 -213.32303
 -212.21284 -212.21284
 -212.80154 -212.80154
 -212.86243 -212.86243
 -213.42598 -213.42598
 -212.61933 -212.61933
 -213.07333 -213.07333
 -212.79098 -212.79098
 -213.35337 -213.35337
 -212.87379 -212.87379
 -213.42229 -213.42229
 -213.2508 -213.2508
 -213.15947 -213.15947
 -212.94379 -212.94379
 -212.95121 -212.95121
 -213.52322 -213.52322
 -212.54296 -212.54296
 -213.32006 -213.32006
 -212.4732 -212.4732
 -213.21168 -213.21168
 -212.91498 -212.91498
 -212.59903 -212.59903
 -213.24587 -213.24587
 -212.75261 -212.75261
 -213.30358 -213.30358
 -212.66778 -212.66778
 -213.23671 -213.23671
 -212.22056 -212.22056
 -212.70666 -212.70666
 -213.17602 -213.17602
 -211.87601 -211.87601
 -213.55201 -213.55201
 -212.52411 -212.52411
 -213.26596 -213.26596
 -212.65552 -212.65552
 -212.72742 -212.72742
 -212.84185 -212.84185
 -213.04046 -213.04046
 -213.02323 -213.02323
 -213.53197 -213.53197
 -212.6932 -212.6932
 -212.8106 -212.8106
 -213.33657 -213.33657
 -212.91148 -212.91148
 -213.79956 -213.79956
 -212.83931 -212.83931
 -212.28495 -212.28495
 -213.16261 -213.16261
 -212.54691 -212.54691
 -213.19315 -213.19315
 -212.26128 -212.26128
 -213.28465 -213.28465
 -212.65784 -212.65784
 -213.47304 -213.47304
 -213.32258 -213.32258
 -212.57538 -212.57538
 -212.96628 -212.96628
 -213.31141 -213.31141
 -213.26146 -213.26146
 -212.68496 -212.68496
 -213.20155 -213.20155
 -213.00382 -213.00382
 -213.38276 -213.38276
 -211.86691 -211.86691
 -213.48752 -213.48752
 -211.80289 -211.80289
 -213.30807 -213.30807
 -212.59094 -212.59094
 -212.96868 -212.96868
 -213.31668 -213.31668
 -212.99214 -212.99214
 -212.5176 -212.5176
 -212.85854 -212.85854
 -212.8525 -212.8525
 -212.75326 -212.75326
 -212.64662 -212.64662
 -213.15202 -213.15202
 -213.4542 -213.4542
 -212.83669 -212.83669
 -213.70107 -213.70107
 -212.91238 -212.91238
 -212.90219 -212.90219
 -212.89898 -212.89898
 -212.57045 -212.57045
 -213.3998 -213.3998
 -212.83594 -212.83594
 -213.35941 -213.35941
 -212.98828 -212.98828
 -212.69697 -212.69697
 -213.69351 -213.69351
 -212.95843 -212.95843
 -212.85799 -212.85799
 -212.85992 -212.85992
 -213.26695 -213.26695
 -213.0445 -213.0445
 -213.7758 -213.7758
 -212.84387 -212.84387
 -213.02893 -213.02893
 -212.83108 -212.83108
 -212.92933 -212.92933
 -212.51621 -212.51621
 -213.4557 -213.4557
 -212.90404 -212.90404
 -212.85697 -212.85697
 -212.89531 -212.89531
 -212.1743 -212.1743
 -212.77144 -212.77144
 -213.78691 -213.78691
 -212.802 -212.802
 -213.27445 -213.27445
 -213.30936 -213.30936
 -212.98287 -212.98287
 -213.37959 -213.37959
 -213.72016 -213.72016
 -212.58537 -212.58537
 -213.12792 -213.12792
 -213.33828 -213.33828
 -213.12186 -213.12186
 -213.01433 -213.01433
 -212.83762 -212.83762
 -213.01036 -213.01036
 -212.28533 -212.28533
 -213.11124 -213.11124
 -212.65176 -212.65176
 -213.29132 -213.29132
 -212.57474 -212.57474
 -213.16737 -213.16737
 -213.78483 -213.78483
 -212.97028 -212.97028
 -213.10822 -213.10822
 -213.55109 -213.55109
 -212.68978 -212.68978
 -213.91201 -213.91201
 -212.55441 -212.55441
 -213.21117 -213.21117
 -212.67377 -212.67377
 -213.49391 -213.49391
 -212.44698 -212.44698
 -213.02083 -213.02083
 -212.99906 -212.99906
 -212.80541 -212.80541
 -213.29823 -213.29823
 -212.97764 -212.97764
 -213.33953 -213.33953
 -212.99 -212.99
 -212.96515 -212.96515
 -212.13882 -212.13882
 -213.15812 -213.15812
 -213.19713 -213.19713
 -213.18007 -213.18007
 -213.21598 -213.21598
 -213.02157 -213.02157
 -212.41262 -212.41262
 -213.29257 -213.29257
 -213.25547 -213.25547
 -213.24715 -213.24715
 -212.67204 -212.67204
 -213.55522 -213.55522
 -213.37405 -213.37405
 -212.51537 -212.51537
 -212.82639 -212.82639
 -212.8997 -212.8997
 -213.40555 -213.40555
 -213.18075 -213.18075
 -212.5786 -212.5786
 -213.16724 -213.16724
 -212.73021 -212.73021
 -213.04408 -213.04408
 -211.87817 -211.87817
 -212.95448 -212.95448
 -213.07397 -213.07397
 -212.67321 -212.67321
 -212.2598 -212.2598
 -212.96443 -212.96443
 -212.85025 -212.85025
 -212.59971 -212.59971
 -213.14664 -213.14664
 -212.68537 -212.68537
 -212.56915 -212.56915
 -212.19232 -212.19232
 -212.85362 -212.85362
 -213.64328 -213.64328
 -213.31482 -213.31482
 -213.19488 -213.19488
 -212.46851 -212.46851
 -213.01263 -213.01263
 -212.61719 -212.61719
 -213.008 -213.008
 -212.19021 -212.19021
 -212.85217 -212.85217
 -212.5823 -212.5823
 -212.7025 -212.7025
 -213.82871 -213.82871
 -212.79245 -212.79245
 -213.11919 -213.11919
 -212.81585 -212.81585
 -213.13877 -213.13877
 -212.76104 -212.76104
 -213.37501 -213.37501
 -212.89192 -212.89192
 -212.95134 -212.95134
 -213.46109 -213.46109
 -213.04237 -213.04237
 -213.55495 -213.55495
 -212.90076 -212.90076
 -213.31359 -213.31359
 -212.3634 -212.3634
 -213.45531 -213.45531
 -212.80563 -212.80563
 -213.48959 -213.48959
 -212.31267 -212.31267
 -212.83134 -212.83134
 -212.89343 -212.89343
 -212.61658 -212.61658
 -212.93239 -212.93239
 -213.27366 -213.27366
 -213.08948 -213.08948
 -213.41873 -213.41873
 -212.71483 -212.71483
 -212.278 -212.278
 -213.43124 -213.43124
 -212.45408 -212.45408
 -213.92998 -213.92998
 -212.43107 -212.43107
 -213.08745 -213.08745
 -212.86924 -212.86924
 -212.91761 -212.91761
 -212.51745 -212.51745
 -213.40487 -213.40487
 -212.80095 -212.80095
 -212.70895 -212.70895
 -212.95017 -212.95017
 -212.81013 -212.81013
 -213.40534 -213.40534
 -212.57548 -212.57548
 -213.41225 -213.41225
 -212.45303 -212.45303
 -213.35988 -213.35988
 -213.23131 -213.23131
 -212.99285 -212.99285
 -213.33397 -213.33397
 -213.30218 -213.30218
 -212.49505 -212.49505
 -213.20357 -213.20357
 -212.99994 -212.99994
 -212.4315 -212.4315
 -213.13616 -213.13616
 -213.52785 -213.52785
 -212.59912 -212.59912
 -213.6366 -213.6366
 -212.7413 -212.7413
 -212.59258 -212.59258
 -213.40178 -213.40178
 -213.30598 -213.30598
 -212.67191 -212.67191
 -213.22874 -213.22874
 -213.01806 -213.01806
 -212.5579 -212.5579
 -212.385 -212.385
 -212.87892 -212.87892
 -213.09487 -213.09487
 -212.82638 -212.82638
 -212.89712 -212.89712
 -212.75215 -212.75215
 -212.53038 -212.53038
 -212.84658 -212.84658
 -213.09847 -213.09847
 -212.43613 -212.43613
 -213.72293 -213.72293
 -212.75379 -212.75379
 -212.72962 -212.72962
 -212.97405 -212.97405
 -212.92085 -212.92085
 -213.32535 -213.32535
 -213.54927 -213.54927
 -213.00166 -213.00166
 -212.74313 -212.74313
 -212.5422 -212.5422
 -213.14146 -213.14146
 -212.88746 -212.88746
 -212.82327 -212.82327
 -212.86108 -212.86108
 -212.74437 -212.74437
 -213.08754 -213.08754
 -212.20443 -212.20443
 -213.01848 -213.01848
 -213.18474 -213.18474
 -212.90978 -212.90978
 -213.21621 -213.21621
 -212.56826 -212.56826
 -213.13101 -213.13101
 -213.18259 -213.18259
 -212.75173 -212.75173
 -213.2927 -213.2927
 -212.74114 -212.74114
 -212.83992 -212.83992
 -212.64824 -212.64824
 -212.96879 -212.96879
 -212.62745 -212.62745
 -213.10528 -213.10528
 -213.07539 -213.07539
 -213.03533 -213.03533
 -213.33494 -213.33494
 -213.0144 -213.0144
 -213.63705 -213.63705
 -212.18893 -212.18893
 -212.91575 -212.91575
 -212.73063 -212.73063
 -212.55444 -212.55444
 -213.37426 -213.37426
 -213.2639 -213.2639
 -212.97281 -212.97281
 -212.82749 -212.82749
 -212.9082 -212.9082
 -212.99049 -212.99049
 -213.23155 -213.23155
 -213.04168 -213.04168
 -212.76107 -212.76107
 -213.52561 -213.52561
 -212.70575 -212.70575
 -213.17463 -213.17463
 -213.03646 -213.03646
 -213.58056 -213.58056
 -212.55911 -212.55911
 -213.59444 -213.59444
 -212.73818 -212.73818
 -212.84554 -212.84554
 -212.69824 -212.69824
 -213.3276 -213.3276
 -212.87665 -212.87665
 -213.25208 -213.25208
 -213.23036 -213.23036
 -213.14973 -213.14973
 -212.74553 -212.74553
 -213.25446 -213.25446
 -212.52359 -212.52359
 -212.8865 -212.8865
 -213.25548 -213.25548
 -212.40984 -212.40984
 -213.03409 -213.03409
 -213.26174 -213.26174
 -212.76751 -212.76751
 -213.08214 -213.08214
 -213.03057 -213.03057
 -212.6156 -212.6156
 -213.26154 -213.26154
 -212.37398 -212.37398
 -213.53532 -213.53532
 -212.7565 -212.7565
 -213.04775 -213.04775
 -212.4863 -212.4863
 -213.35643 -213.35643
 -212.81233 -212.81233
 -212.75944 -212.75944
 -212.63512 -212.63512
 -213.08981 -213.08981
 -212.58943 -212.58943
 -212.92927 -212.92927
 -213.27463 -213.27463
 -212.84989 -212.84989
 -212.94259 -212.94259
 -212.96868 -212.96868
 -212.6705 -212.6705
 -213.15591 -213.15591
 -212.81775 -212.81775
 -213.40001 -213.40001
 -213.05987 -213.05987
 -213.26773 -213.26773
 -212.54551 -212.54551
 -213.33679 -213.33679
 -212.80171 -212.80171
 -212.88509 -212.88509
 -212.91677 -212.91677
 -212.5224 -212.5224
 -213.26997 -213.26997
 -212.47403 -212.47403
 -213.15732 -213.15732
 -212.79614 -212.79614
 -213.35125 -213.35125
 -212.79412 -212.79412
 -212.63432 -212.63432
 -213.33696 -213.33696
 -213.23372 -213.23372
 -212.41368 -212.41368
 -213.05062 -213.05062
 -212.48201 -212.48201
 -213.07141 -213.07141
 -213.25404 -213.25404
 -213.20482 -213.20482
 -212.70187 -212.70187
 -213.49738 -213.49738
 -212.95266 -212.95266
 -212.86793 -212.86793
 -212.31073 -212.31073
 -213.62804 -213.62804
 -212.86064 -212.86064
 -212.95626 -212.95626
 -212.99858 -212.99858
 -212.74079 -212.74079
 -213.78681 -213.78681
 -212.56009 -212.56009
 -213.27741 -213.27741
 -213.01699 -213.01699
 -213.44667 -213.44667
 -213.29099 -213.29099
 -212.95264 -212.95264
 -212.83554 -212.83554
 -212.30825 -212.30825
 -212.87019 -212.87019
 -212.79883 -212.79883
 -213.05689 -213.05689
 -213.25911 -213.25911
 -213.05406 -213.05406
 -212.69699 -212.69699
 -213.03352 -213.03352
 -213.30381 -213.30381
 -212.45505 -212.45505
 -213.04375 -213.04375
 -212.81509 -212.81509
 -213.36038 -213.36038
 -212.67381 -212.67381
 -213.29999 -213.29999
 -213.35419 -213.35419
 -212.73591 -212.73591
 -212.6371 -212.6371
 -213.06109 -213.06109
 -213.15262 -213.15262
 -213.03451 -213.03451
 -212.81555 -212.81555
 -212.92369 -212.92369
 -213.11785 -213.11785
 -212.1086 -212.1086
 -213.16901 -213.16901
 -212.18077 -212.18077
 -213.04473 -213.04473
 -212.98719 -212.98719
 -212.40151 -212.40151
 -212.94664 -212.94664
 -213.19903 -213.19903
 -212.65323 -212.65323
 -212.80098 -212.80098
 -213.04591 -213.04591
 -213.32121 -213.32121
 -213.7537 -213.7537
 -212.6612 -212.6612
 -212.69789 -212.69789
 -213.35675 -213.35675
 -213.25285 -213.25285
 -213.33815 -213.33815
 -213.07208 -213.07208
 -213.20476 -213.20476
 -212.89356 -212.89356
 -212.64493 -212.64493
 -212.62175 -212.62175
 -213.52306 -213.52306
 -212.86142 -212.86142
 -212.95604 -212.95604
 -212.80944 -212.80944
 -212.95603 -212.95603
 -212.92793 -212.92793
 -212.65415 -212.65415
 -212.87186 -212.87186
 -213.16119 -213.16119
 -213.31521 -213.31521
 -213.14968 -213.14968
 -213.04255 -213.04255
 -213.76264 -213.76264
 -212.64612 -212.64612
 -213.1597 -213.1597
 -213.58929 -213.58929
 -212.51093 -212.51093
 -212.64128 -212.64128
 -213.24525 -213.24525
 -213.38392 -213.38392
 -212.94142 -212.94142
 -213.42082 -213.42082
 -212.7599 -212.7599
 -212.63817 -212.63817
 -212.916 -212.916
 -212.65887 -212.65887
 -213.2355 -213.2355
 -212.51175 -212.51175
 -213.05973 -213.05973
 -213.24267 -213.24267
 -212.8801 -212.8801
 -212.80216 -212.80216
 -213.23436 -213.23436
 -213.59988 -213.59988
 -212.69309 -212.69309
 -213.19448 -213.19448
 -212.51409 -212.51409
 -212.75405 -212.75405
 -213.52637 -213.52637
 -212.65761 -212.65761
 -213.23959 -213.23959
 -212.60002 -212.60002
 -212.55363 -212.55363
 -213.53249 -213.53249
 -213.34774 -213.34774
 -212.35655 -212.35655
 -212.91181 -212.91181
 -212.7168 -212.7168
 -212.84868 -212.84868
 -213.27894 -213.27894
 -212.3306 -212.3306
 -212.78788 -212.78788
 -212.42877 -212.42877
 -212.97765 -212.97765
 -212.4075 -212.4075
 -212.44109 -212.44109
 -212.53133 -212.53133
 -213.16909 -213.16909
 -212.33836 -212.33836
 -213.10641 -213.10641
 -212.59526 -212.59526
 -213.09391 -213.09391
 -212.74501 -212.74501
 -213.52417 -213.52417
 -212.84415 -212.84415
 -212.43086 -212.43086
 -213.17904 -213.17904
 -213.03461 -213.03461
 -212.78891 -212.78891
 -213.20988 -213.20988
 -213.27595 -213.27595
 -213.43839 -213.43839
 -212.68355 -212.68355
 -212.94039 -212.94039
 -212.53297 -212.53297
 -212.88491 -212.88491
 -213.06696 -213.06696
 -212.9155 -212.9155
 -212.87805 -212.87805
 -212.53478 -212.53478
 -213.41044 -213.41044
 -212.22959 -212.22959
 -213.0948 -213.0948
 -212.41392 -212.41392
 -213.17309 -213.17309
 -213.0467 -213.0467
 -213.47627 -213.47627
 -212.98475 -212.98475
 -213.63244 -213.63244
 -212.78188 -212.78188
 -213.02118 -213.02118
 -212.90198 -212.90198
 -212.9323 -212.9323
 -212.74356 -212.74356
 -212.90171 -212.90171
 -212.29767 -212.29767
 -213.3744 -213.3744
 -212.94514 -212.94514
 -213.14947 -213.14947
 -212.2892 -212.2892
 -213.28068 -213.28068
 -212.83257 -212.83257
 -212.65085 -212.65085
 -212.56291 -212.56291
 -213.20403 -213.20403
 -212.63705 -212.63705
 -212.73052 -212.73052
 -212.58741 -212.58741
 -213.03473 -213.03473
 -212.68376 -212.68376
 -212.90881 -212.90881
 -212.61614 -212.61614
 -212.96755 -212.96755
 -212.73628 -212.73628
 -213.47214 -213.47214
 -213.07632 -213.07632
 -212.9663 -212.9663
 -212.71666 -212.71666
 -213.19367 -213.19367
 -212.43871 -212.43871
 -213.32772 -213.32772
 -213.04424 -213.04424
 -213.26712 -213.26712
 -212.33364 -212.33364
 -212.75327 -212.75327
 -212.87417 -212.87417
 -213.24215 -213.24215
 -212.54023 -212.54023
 -213.3388 -213.3388
 -213.15174 -213.15174
 -212.70342 -212.70342
 -212.45355 -212.45355
 -212.78683 -212.78683
 -212.61092 -212.61092
 -212.54472 -212.54472
 -213.57001 -213.57001
 -212.80429 -212.80429
 -213.10551 -213.10551
 -212.51083 -212.51083
 -212.86452 -212.86452
 -212.6648 -212.6648
 -212.76148 -212.76148
 -212.50697 -212.50697
 -213.43187 -213.43187
 -212.71067 -212.71067
 -213.302 -213.302
 -212.79246 -212.79246
 -213.17467 -213.17467
 -212.66869 -212.66869
 -213.10974 -213.10974
 -212.82048 -212.82048
 -213.08742 -213.08742
 -212.29029 -212.29029
 -212.65271 -212.65271
 -212.32927 -212.32927
 -212.74768 -212.74768
 -213.45269 -213.45269
 -212.95497 -212.95497
 -213.88897 -213.88897
 -212.88328 -212.88328
 -213.78414 -213.78414
 -213.23904 -213.23904
 -213.05287 -213.05287
 -212.6266 -212.6266
 -212.86753 -212.86753
 -212.8794 -212.8794
 -212.91793 -212.91793
 -212.81541 -212.81541
 -212.78347 -212.78347
 -212.53849 -212.53849
 -213.15242 -213.15242
 -213.32434 -213.32434
 -213.12877 -213.12877
 -212.80829 -212.80829
 -212.17749 -212.17749
 -213.38059 -213.38059
 -212.61401 -212.61401
 -212.94122 -212.94122
 -212.58849 -212.58849
 -212.93497 -212.93497
 -212.44988 -212.44988
 -213.47371 -213.47371
 -213.03311 -213.03311
 -212.45136 -212.45136
 -213.34935 -213.34935
 -212.98963 -212.98963
 -213.20199 -213.20199
 -212.45224 -212.45224
 -212.9743 -212.9743
 -212.78037 -212.78037
 -213.21337 -213.21337
 -213.00673 -213.00673
 -212.97836 -212.97836
 -213.47601 -213.47601
 -212.95127 -212.95127
 -212.59741 -212.59741
 -212.78983 -212.78983
 -212.79156 -212.79156
 -213.1249 -213.1249
 -213.36514 -213.36514
 -213.40805 -213.40805
 -213.2739 -213.2739
 -213.15433 -213.15433
 -213.25786 -213.25786
 -212.94839 -212.94839
 -212.90131 -212.90131
 -213.15583 -213.15583
 -212.87381 -212.87381
 -212.63685 -212.63685
 -213.41175 -213.41175
 -212.33482 -212.33482
 -213.32175 -213.32175
 -212.72288 -212.72288
 -212.70089 -212.70089
 -213.46968 -213.46968
 -212.47517 -212.47517
 -213.52817 -213.52817
 -212.52792 -212.52792
 -213.29496 -213.29496
 -213.74206 -213.74206
 -212.48658 -212.48658
 -213.52118 -213.52118
 -213.11128 -213.11128
 -213.1471 -213.1471
 -213.46432 -213.46432
 -212.79163 -212.79163
 -213.22081 -213.22081
 -212.60564 -212.60564
 -212.64503 -212.64503
 -212.52667 -212.52667
 -213.01175 -213.01175
 -212.87927 -212.87927
 -213.16623 -213.16623
 -212.94159 -212.94159
 -212.98329 -212.98329
 -212.4837 -212.4837
 -212.63551 -212.63551
 -213.11732 -213.11732
 -213.3077 -213.3077
 -213.11048 -213.11048
 -213.33404 -213.33404
 -212.70354 -212.70354
 -213.39488 -213.39488
 -212.71433 -212.71433
 -212.96045 -212.96045
 -213.40197 -213.40197
 -212.93555 -212.93555
 -213.41752 -213.41752
 -213.1916 -213.1916
 -212.18879 -212.18879
 -213.26618 -213.26618
 -213.13538 -213.13538
 -212.53123 -212.53123
 -213.3821 -213.3821
 -213.42395 -213.42395
 -212.62131 -212.62131
 -212.90429 -212.90429
 -212.94799 -212.94799
 -212.80656 -212.80656
 -212.32728 -212.32728
 -212.66263 -212.66263
 -213.24195 -213.24195
 -213.67103 -213.67103
 -212.87137 -212.87137
 -213.20489 -213.20489
 -212.79877 -212.79877
 -212.29814 -212.29814
 -212.29169 -212.29169
 -212.97545 -212.97545
 -212.53644 -212.53644
 -212.75905 -212.75905
 -212.87636 -212.87636
 -212.8139 -212.8139
 -213.13012 -213.13012
 -213.27606 -213.27606
 -212.85742 -212.85742
 -212.87923 -212.87923
 -212.43421 -212.43421
 -212.92195 -212.92195
 -212.41729 -212.41729
 -212.54361 -212.54361
 -212.70833 -212.70833
 -212.50303 -212.50303
 -212.42622 -212.42622
 -212.52501 -212.52501
 -213.14163 -213.14163
 -213.2498 -213.2498
 -213.1491 -213.1491
 -213.22128 -213.22128
 -213.03975 -213.03975
 -212.35301 -212.35301
 -213.04076 -213.04076
 -212.7412 -212.7412
 -212.19201 -212.19201
 -213.31118 -213.31118
 -212.65489 -212.65489
 -213.1686 -213.1686
 -213.11348 -213.11348
 -212.8686 -212.8686
 -213.19193 -213.19193
 -212.83981 -212.83981
 -213.0531 -213.0531
 -212.97427 -212.97427
 -212.93921 -212.93921
 -212.47144 -212.47144
 -213.14117 -213.14117
 -212.68305 -212.68305
 -213.77022 -213.77022
 -212.93915 -212.93915
 -213.07885 -213.07885
 -213.14623 -213.14623
 -213.01244 -213.01244
 -212.85326 -212.85326
 -212.42115 -212.42115
 -212.68638 -212.68638
 -213.07831 -213.07831
 -213.14403 -213.14403
 -212.85069 -212.85069
 -212.89744 -212.89744
 -212.53132 -212.53132
 -212.75429 -212.75429
 -213.16693 -213.16693
 -213.4101 -213.4101
 -212.79614 -212.79614
 -213.31326 -213.31326
 -213.19476 -213.19476
 -213.18186 -213.18186
 -212.577 -212.577
 -213.09435 -213.09435
 -212.93334 -212.93334
 -212.94802 -212.94802
 -212.6369 -212.6369
 -212.99557 -212.99557
 -212.65443 -212.65443
 -213.05521 -213.05521
 -212.95596 -212.95596
 -212.61474 -212.61474
 -213.08901 -213.08901
 -213.0246 -213.0246
 -213.2803 -213.2803
 -212.73381 -212.73381
 -213.61622 -213.61622
 -212.84279 -212.84279
 -213.44834 -213.44834
 -213.20049 -213.20049
 -212.79404 -212.79404
 -212.33945 -212.33945
 -213.41018 -213.41018
 -212.42295 -212.42295
 -213.32512 -213.32512
 -212.53312 -212.53312
 -213.52472 -213.52472
 -213.02904 -213.02904
 -212.28121 -212.28121
 -212.82517 -212.82517
 -212.79415 -212.79415
 -212.88274 -212.88274
 -213.20947 -213.20947
 -212.48351 -212.48351
 -213.25061 -213.25061
 -212.65806 -212.65806
 -213.07452 -213.07452
 -212.87311 -212.87311
 -213.28364 -213.28364
 -212.34691 -212.34691
 -213.26101 -213.26101
 -212.85844 -212.85844
 -212.96625 -212.96625
 -212.73715 -212.73715
 -212.69734 -212.69734
 -212.81544 -212.81544
 -213.0744 -213.0744
 -213.42338 -213.42338
 -213.18218 -213.18218
 -213.06107 -213.06107
 -213.69358 -213.69358
 -212.88631 -212.88631
 -212.86601 -212.86601
 -213.51627 -213.51627
 -212.71444 -212.71444
 -213.18963 -213.18963
 -212.49112 -212.49112
 -212.86938 -212.86938
 -213.26687 -213.26687
 -212.75549 -212.75549
 -212.96453 -212.96453
 -212.70319 -212.70319
 -212.70696 -212.70696
 -212.94981 -212.94981
 -213.30848 -213.30848
 -213.0437 -213.0437
 -212.77305 -212.77305
 -213.3388 -213.3388
 -212.81595 -212.81595
 -213.14722 -213.14722
 -212.42983 -212.42983
 -212.79331 -212.79331
 -213.09814 -213.09814
 -212.84434 -212.84434
 -213.38622 -213.38622
 -212.82172 -212.82172
 -212.94909 -212.94909
 -213.22789 -213.22789
 -213.29284 -213.29284
 -213.49729 -213.49729
 -213.43295 -213.43295
 -212.66313 -212.66313
 -212.91583 -212.91583
 -212.41683 -212.41683
 -213.1181 -213.1181
 -212.15152 -212.15152
 -212.627 -212.627
 -212.18177 -212.18177
 -213.3016 -213.3016
 -212.71753 -212.71753
 -213.17702 -213.17702
 -212.78967 -212.78967
 -213.15154 -213.15154
 -212.94974 -212.94974
 -213.17068 -213.17068
 -212.84431 -212.84431
 -212.3275 -212.3275
 -212.86003 -212.86003
 -212.62845 -212.62845
 -212.7968 -212.7968
 -212.70488 -212.70488
 -212.96458 -212.96458
 -213.29438 -213.29438
 -212.24452 -212.24452
 -212.56138 -212.56138
 -213.09934 -213.09934
 -212.6464 -212.6464
 -213.01326 -213.01326
 -212.47902 -212.47902
 -212.72117 -212.72117
 -212.7533 -212.7533
 -212.70989 -212.70989
 -212.94082 -212.94082
 -213.38577 -213.38577
 -212.69472 -212.69472
 -213.2279 -213.2279
 -212.90758 -212.90758
 -213.721 -213.721
 -213.06614 -213.06614
 -212.68187 -212.68187
 -213.09544 -213.09544
 -213.21859 -213.21859
 -213.45714 -213.45714
 -212.32615 -212.32615
 -212.84064 -212.84064
 -212.71509 -212.71509
 -212.83496 -212.83496
 -212.07931 -212.07931
 -213.26988 -213.26988
 -213.55698 -213.55698
 -213.06152 -213.06152
 -212.96439 -212.96439
 -212.84483 -212.84483
 -213.19757 -213.19757
 -212.35222 -212.35222
 -213.05388 -213.05388
 -213.07269 -213.07269
 -212.958 -212.958
 -212.67445 -212.67445
 -213.01641 -213.01641
 -213.09689 -213.09689
 -212.8261 -212.8261
 -212.39245 -212.39245
 -213.13603 -213.13603
 -212.26566 -212.26566
 -213.31267 -213.31267
 -212.94026 -212.94026
 -213.31812 -213.31812
 -212.713 -212.713
 -213.08551 -213.08551
 -212.00609 -212.00609
 -213.05844 -213.05844
 -213.0192 -213.0192
 -213.11122 -213.11122
 -213.6088 -213.6088
 -213.22789 -213.22789
 -213.05873 -213.05873
 -212.93111 -212.93111
 -213.30363 -213.30363
 -212.61459 -212.61459
 -212.94758 -212.94758
 -212.83494 -212.83494
 -212.79182 -212.79182
 -212.46537 -212.46537
 -213.10587 -213.10587
 -213.10284 -213.10284
 -213.22171 -213.22171
 -212.56443 -212.56443
 -213.19826 -213.19826
 -213.31695 -213.31695
 -213.14487 -213.14487
 -213.03605 -213.03605
 -213.09659 -213.09659
 -212.90098 -212.90098
 -212.86156 -212.86156
 -213.1545 -213.1545
 -212.67385 -212.67385
 -213.33184 -213.33184
 -212.51498 -212.51498
 -213.14524 -213.14524
 -212.42955 -212.42955
 -212.79915 -212.79915
 -213.30547 -213.30547
 -213.23758 -213.23758
 -212.8375 -212.8375
 -213.0922 -213.0922
 -213.32274 -213.32274
 -212.98916 -212.98916
 -213.10674 -213.10674
 -212.5844 -212.5844
 -213.53337 -213.53337
 -213.26393 -213.26393
 -213.14263 -213.14263
 -213.12002 -213.12002
 -213.11598 -213.11598
 -212.7472 -212.7472
 -213.84416 -213.84416
 -212.8111 -212.8111
 -213.09713 -213.09713
 -212.85752 -212.85752
 -213.11069 -213.11069
 -213.07258 -213.07258
 -213.34096 -213.34096
 -213.55195 -213.55195
 -213.04628 -213.04628
 -212.84125 -212.84125
 -212.67125 -212.67125
 -212.90202 -212.90202
 -212.91181 -212.91181
 -212.56698 -212.56698
 -213.55373 -213.55373
 -212.74015 -212.74015
 -213.21689 -213.21689
 -212.83433 -212.83433
 -212.7201 -212.7201
 -212.22826 -212.22826
 -213.5317 -213.5317
 -212.46529 -212.46529
 -212.78083 -212.78083
 -212.94757 -212.94757
 -212.55356 -212.55356
 -212.75506 -212.75506
 -212.85462 -212.85462
 -213.11409 -213.11409
 -213.1152 -213.1152
 -212.78685 -212.78685
 -212.50094 -212.50094
 -212.57895 -212.57895
 -213.10355 -213.10355
 -212.9265 -212.9265
 -213.8627 -213.8627
 -213.46147 -213.46147
 -212.63992 -212.63992
 -213.46544 -213.46544
 -213.1854 -213.1854
 -213.53967 -213.53967
 -213.00922 -213.00922
 -211.99936 -211.99936
 -213.19136 -213.19136
 -213.04214 -213.04214
 -212.96356 -212.96356
 -213.12386 -213.12386
 -212.83419 -212.83419
 -213.1244 -213.1244
 -213.17932 -213.17932
 -212.42701 -212.42701
 -213.39762 -213.39762
 -213.24399 -213.24399
 -213.29199 -213.29199
 -212.82858 -212.82858
 -213.21561 -213.21561
 -213.50526 -213.50526
 -212.86145 -212.86145
 -213.08181 -213.08181
 -211.91617 -211.91617
 -213.06206 -213.06206
 -212.97563 -212.97563
 -213.47183 -213.47183
 -212.99657 -212.99657
 -213.4809 -213.4809
 -212.61728 -212.61728
 -213.29964 -213.29964
 -212.84173 -212.84173
 -212.84398 -212.84398
 -213.10496 -213.10496
 -212.83619 -212.83619
 -212.97814 -212.97814
 -212.78564 -212.78564
 -213.16929 -213.16929
 -213.17097 -213.17097
 -212.53601 -212.53601
 -213.21994 -213.21994
 -212.81456 -212.81456
 -213.70135 -213.70135
 -213.06451 -213.06451
 -212.26436 -212.26436
 -213.29613 -213.29613
 -211.97828 -211.97828
 -212.36563 -212.36563
 -213.38589 -213.38589
 -213.64542 -213.64542
 -213.05398 -213.05398
 -212.88005 -212.88005
 -213.12159 -213.12159
 -212.69777 -212.69777
 -212.17812 -212.17812
 -212.55561 -212.55561
 -212.9688 -212.9688
 -213.21741 -213.21741
 -212.84509 -212.84509
 -211.97209 -211.97209
 -212.73968 -212.73968
 -212.08199 -212.08199
 -212.43945 -212.43945
 -212.78213 -212.78213
 -213.25659 -213.25659
 -212.31022 -212.31022
 -213.04524 -213.04524
 -213.19863 -213.19863
 -213.33957 -213.33957
 -212.59409 -212.59409
 -212.94381 -212.94381
 -213.20339 -213.20339
 -213.05542 -213.05542
 -212.89766 -212.89766
 -212.42876 -212.42876
 -213.13681 -213.13681
 -213.51171 -213.51171
 -212.4236 -212.4236
 -213.36951 -213.36951
 -212.95527 -212.95527
 -212.80909 -212.80909
 -212.59812 -212.59812
 -213.11907 -213.11907
 -213.40886 -213.40886
 -212.80353 -212.80353
 -213.30233 -213.30233
 -212.92023 -212.92023
 -213.03984 -213.03984
 -212.73132 -212.73132
 -213.38056 -213.38056
 -213.39677 -213.39677
 -213.1375 -213.1375
 -212.75197 -212.75197
 -213.38995 -213.38995
 -213.29545 -213.29545
 -212.68067 -212.68067
 -213.16429 -213.16429
 -213.23788 -213.23788
 -212.1301 -212.1301
 -213.63456 -213.63456
 -212.96506 -212.96506
 -212.60036 -212.60036
 -213.39994 -213.39994
 -212.84143 -212.84143
 -212.80888 -212.80888
 -213.60185 -213.60185
 -212.64709 -212.64709
 -213.19928 -213.19928
 -213.36228 -213.36228
 -212.29839 -212.29839
 -213.05753 -213.05753
 -212.7765 -212.7765
 -212.93761 -212.93761
 -213.50499 -213.50499
 -212.30747 -212.30747
 -213.13485 -213.13485
 -212.78309 -212.78309
 -213.68358 -213.68358
 -212.96507 -212.96507
 -213.03686 -213.03686
 -213.0837 -213.0837
 -212.80889 -212.80889
 -212.75803 -212.75803
 -212.94226 -212.94226
 -213.00614 -213.00614
 -212.85336 -212.85336
 -212.60329 -212.60329
 -212.57375 -212.57375
 -213.28407 -213.28407
 -213.14574 -213.14574
 -213.13232 -213.13232
 -213.12292 -213.12292
 -212.25464 -212.25464
 -212.98445 -212.98445
 -212.18627 -212.18627
 -213.00536 -213.00536
 -212.94523 -212.94523
 -212.90806 -212.90806
 -212.62422 -212.62422
 -212.49713 -212.49713
 -213.04932 -213.04932
 -212.89013 -212.89013
 -213.17676 -213.17676
 -212.32183 -212.32183
 -212.82637 -212.82637
 -213.27195 -213.27195
 -212.82427 -212.82427
 -213.07751 -213.07751
 -212.36927 -212.36927
 -212.97384 -212.97384
 -212.64074 -212.64074
 -212.86446 -212.86446
 -212.65175 -212.65175
 -213.29767 -213.29767
 -212.26021 -212.26021
 -212.88159 -212.88159
 -212.78371 -212.78371
 -212.91185 -212.91185
 -213.34014 -213.34014
 -212.49333 -212.49333
 -213.32937 -213.32937
 -213.32697 -213.32697
 -212.96018 -212.96018
 -212.90459 -212.90459
 -213.56549 -213.56549
 -213.27359 -213.27359
 -212.94425 -212.94425
 -213.20301 -213.20301
 -212.7408 -212.7408
 -213.52909 -213.52909
 -212.59922 -212.59922
 -213.21755 -213.21755
 -213.00203 -213.00203
 -213.40433 -213.40433
 -212.71977 -212.71977
 -213.67288 -213.67288
 -213.20173 -213.20173
 -213.57934 -213.57934
 -212.78223 -212.78223
 -212.27895 -212.27895
 -212.62616 -212.62616
 -212.96484 -212.96484
 -213.22961 -213.22961
 -212.95209 -212.95209
 -213.13682 -213.13682
 -213.16989 -213.16989
 -212.73011 -212.73011
 -212.83542 -212.83542
 -213.40022 -213.40022
 -213.06596 -213.06596
 -212.89687 -212.89687
 -213.10206 -213.10206
 -212.34368 -212.34368
 -212.56318 -212.56318
 -212.90972 -212.90972
 -212.6849 -212.6849
 -212.8582 -212.8582
 -212.27006 -212.27006
 -212.58174 -212.58174
 -212.45211 -212.45211
 -212.6201 -212.6201
 -213.15437 -213.15437
 -213.2602 -213.2602
 -212.83127 -212.83127
 -213.33849 -213.33849
 -212.64982 -212.64982
 -212.67358 -212.67358
 -213.00414 -213.00414
 -212.34851 -212.34851
 -213.02454 -213.02454
 -212.6191 -212.6191
 -213.23546 -213.23546
 -212.40338 -212.40338
 -213.21496 -213.21496
 -213.50631 -213.50631
 -213.19492 -213.19492
 -212.57813 -212.57813
 -213.14029 -213.14029
 -212.96522 -212.96522
 -213.37751 -213.37751
 -212.68149 -212.68149
 -213.40672 -213.40672
 -213.45247 -213.45247
 -213.39755 -213.39755
 -212.92619 -212.92619
 -212.9327 -212.9327
 -212.77369 -212.77369
 -213.17161 -213.17161
 -212.40058 -212.40058
 -212.73657 -212.73657
 -212.91216 -212.91216
 -212.74942 -212.74942
 -213.31824 -213.31824
 -213.05281 -213.05281
 -212.71451 -212.71451
 -212.77057 -212.77057
 -213.35081 -213.35081
 -213.29925 -213.29925
 -212.92447 -212.92447
 -212.5064 -212.5064
 -213.14237 -213.14237
 -212.57339 -212.57339
 -212.79551 -212.79551
 -213.06549 -213.06549
 -213.00824 -213.00824
 -213.04917 -213.04917
 -212.17837 -212.17837
 -212.84821 -212.84821
 -212.14947 -212.14947
 -213.32332 -213.32332
 -213.04156 -213.04156
 -212.79035 -212.79035
 -213.35692 -213.35692
 -212.47171 -212.47171
 -213.25317 -213.25317
 -212.64083 -212.64083
 -213.39096 -213.39096
 -212.46705 -212.46705
 -213.09094 -213.09094
 -212.67795 -212.67795
 -213.29511 -213.29511
 -212.56322 -212.56322
 -213.421 -213.421
 -212.0046 -212.0046
 -212.65156 -212.65156
 -212.34163 -212.34163
 -213.26849 -213.26849
 -212.30236 -212.30236
 -213.10147 -213.10147
 -213.52276 -213.52276
 -212.48363 -212.48363
 -213.33614 -213.33614
 -213.05985 -213.05985
 -211.82237 -211.82237
 -213.17032 -213.17032
 -212.47979 -212.47979
 -212.77868 -212.77868
 -213.44635 -213.44635
 -213.20849 -213.20849
 -213.1884 -213.1884
 -212.78527 -212.78527
 -213.22308 -213.22308
 -212.93212 -212.93212
 -213.48204 -213.48204
 -212.21652 -212.21652
 -212.93806 -212.93806
 -212.69954 -212.69954
 -213.19 -213.19
 -213.24172 -213.24172
 -212.40342 -212.40342
 -212.64878 -212.64878
 -212.73928 -212.73928
 -213.05665 -213.05665
 -213.01336 -213.01336
 -213.24757 -213.24757
 -212.91913 -212.91913
 -213.1699 -213.1699
 -212.86615 -212.86615
 -213.39363 -213.39363
 -212.99998 -212.99998
 -213.12914 -213.12914
 -213.42616 -213.42616
 -213.08464 -213.08464
 -213.17057 -213.17057
 -212.71601 -212.71601
 -212.94633 -212.94633
 -212.9452 -212.9452
 -212.5083 -212.5083
 -212.70976 -212.70976
 -213.39789 -213.39789
 -212.80581 -212.80581
 -213.23886 -213.23886
 -212.55792 -212.55792
 -212.95493 -212.95493
 -212.58836 -212.58836
 -213.19891 -213.19891
 -212.17014 -212.17014
 -213.1878 -213.1878
 -212.64798 -212.64798
 -212.72725 -212.72725
 -212.98044 -212.98044
 -212.27985 -212.27985
 -213.18121 -213.18121
 -212.94026 -212.94026
 -213.44867 -213.44867
 -213.13596 -213.13596
 -212.51602 -212.51602
 -212.13353 -212.13353
 -213.25429 -213.25429
 -212.77897 -212.77897
 -213.70485 -213.70485
 -212.37899 -212.37899
 -213.48688 -213.48688
 -213.29179 -213.29179
 -212.2922 -212.2922
 -212.87408 -212.87408
 -212.21928 -212.21928
 -213.35864 -213.35864
 -212.71777 -212.71777
 -213.00608 -213.00608
 -213.13183 -213.13183
 -213.12996 -213.12996
 -213.37788 -213.37788
 -212.85511 -212.85511
 -213.23002 -213.23002
 -212.73617 -212.73617
 -213.06064 -213.06064
 -213.56275 -213.56275
 -213.02456 -213.02456
 -213.1193 -213.1193
 -212.04504 -212.04504
 -213.63675 -213.63675
 -212.94419 -212.94419
 -213.20529 -213.20529
 -212.74556 -212.74556
 -213.41996 -213.41996
 -212.99468 -212.99468
 -212.92696 -212.92696
 -213.05876 -213.05876
 -212.66326 -212.66326
 -213.2146 -213.2146
 -212.93581 -212.93581
 -213.12671 -213.12671
 -212.86681 -212.86681
 -212.96645 -212.96645
 -213.0278 -213.0278
 -213.05755 -213.05755
 -212.93447 -212.93447
 -212.54793 -212.54793
 -212.66395 -212.66395
 -212.59965 -212.59965
 -213.33441 -213.33441
 -212.75379 -212.75379
 -212.66493 -212.66493
 -212.94773 -212.94773
 -212.51352 -212.51352
 -212.48213 -212.48213
 -212.32446 -212.32446
 -212.91943 -212.91943
 -213.03721 -213.03721
 -212.65293 -212.65293
 -213.39336 -213.39336
 -212.8688 -212.8688
 -213.01512 -213.01512
 -213.07213 -213.07213
 -212.36639 -212.36639
 -212.83649 -212.83649
 -212.05865 -212.05865
 -213.41008 -213.41008
 -212.70592 -212.70592
 -212.53472 -212.53472
 -212.18587 -212.18587
 -213.2434 -213.2434
 -212.55407 -212.55407
 -213.34421 -213.34421
 -212.35141 -212.35141
 -212.42455 -212.42455
 -212.77183 -212.77183
 -212.97044 -212.97044
 -213.37145 -213.37145
 -212.86996 -212.86996
 -212.62328 -212.62328
 -213.20015 -213.20015
 -212.90499 -212.90499
 -213.37967 -213.37967
 -213.1633 -213.1633
 -213.41989 -213.41989
 -212.42644 -212.42644
 -212.63483 -212.63483
 -212.71853 -212.71853
 -212.71741 -212.71741
 -213.21849 -213.21849
 -213.06048 -213.06048
 -213.35959 -213.35959
 -213.18013 -213.18013
 -213.26323 -213.26323
 -212.83291 -212.83291
 -212.26051 -212.26051
 -213.15041 -213.15041
 -212.9201 -212.9201
 -213.66399 -213.66399
 -212.74541 -212.74541
 -213.54659 -213.54659
 -212.17979 -212.17979
 -212.10821 -212.10821
 -213.45065 -213.45065
 -213.2209 -213.2209
 -213.41667 -213.41667
 -213.1001 -213.1001
 -213.04914 -213.04914
 -212.75571 -212.75571
 -212.05737 -212.05737
 -213.23397 -213.23397
 -212.89272 -212.89272
 -212.24151 -212.24151
 -213.25797 -213.25797
 -213.27449 -213.27449
 -212.68799 -212.68799
 -212.79582 -212.79582
 -212.10346 -212.10346
 -213.03203 -213.03203
 -212.48607 -212.48607
 -213.23245 -213.23245
 -213.28885 -213.28885
 -213.39619 -213.39619
 -212.83372 -212.83372
 -213.35713 -213.35713
 -212.48704 -212.48704
 -213.47779 -213.47779
 -212.81747 -212.81747
 -213.06931 -213.06931
 -213.17906 -213.17906
 -212.97983 -212.97983
 -213.13231 -213.13231
 -212.6801 -212.6801
 -212.87086 -212.87086
 -213.38496 -213.38496
 -212.76132 -212.76132
 -212.65769 -212.65769
 -212.89375 -212.89375
 -213.50778 -213.50778
 -213.20798 -213.20798
 -213.20542 -213.20542
 -212.90797 -212.90797
 -213.07795 -213.07795
 -212.84704 -212.84704
 -212.79509 -212.79509
 -212.26533 -212.26533
 -213.25234 -213.25234
 -212.71868 -212.71868
 -212.88644 -212.88644
 -212.65477 -212.65477
 -213.45806 -213.45806
 -212.9383 -212.9383
 -212.79316 -212.79316
 -212.95616 -212.95616
 -212.81653 -212.81653
 -212.94416 -212.94416
 -212.47178 -212.47178
 -213.006 -213.006
 -213.02283 -213.02283
 -213.23968 -213.23968
 -213.44081 -213.44081
 -213.18026 -213.18026
 -213.35455 -213.35455
 -212.72976 -212.72976
 -213.09043 -213.09043
 -212.77709 -212.77709
 -212.49054 -212.49054
 -212.80815 -212.80815
 -212.90949 -212.90949
 -213.17512 -213.17512
 -213.17569 -213.17569
 -213.18951 -213.18951
 -213.17455 -213.17455
 -212.98086 -212.98086
 -213.29415 -213.29415
 -212.82557 -212.82557
 -212.66417 -212.66417
 -212.89413 -212.89413
 -213.23431 -213.23431
 -213.13796 -213.13796
 -213.16877 -213.16877
 -212.49464 -212.49464
 -213.31037 -213.31037
 -212.75698 -212.75698
 -213.27686 -213.27686
 -212.77183 -212.77183
 -212.4606 -212.4606
 -212.42656 -212.42656
 -213.01888 -213.01888
 -213.14433 -213.14433
 -213.20371 -213.20371
 -213.23573 -213.23573
 -212.69685 -212.69685
 -213.22408 -213.22408
 -213.58983 -213.58983
 -213.24496 -213.24496
 -213.75284 -213.75284
 -212.58048 -212.58048
 -213.22251 -213.22251
 -212.758 -212.758
 -213.19211 -213.19211
 -213.27813 -213.27813
 -213.12692 -213.12692
 -212.48161 -212.48161
 -212.81773 -212.81773
 -212.50912 -212.50912
 -212.81281 -212.81281
 -213.04722 -213.04722
 -213.09128 -213.09128
 -212.49549 -212.49549
 -212.29645 -212.29645
 -212.91733 -212.91733
 -212.93197 -212.93197
 -212.87743 -212.87743
 -212.17602 -212.17602
 -213.27009 -213.27009
 -212.72983 -212.72983
 -212.57223 -212.57223
 -213.3912 -213.3912
 -213.69222 -213.69222
 -212.44097 -212.44097
 -212.98995 -212.98995
 -212.83855 -212.83855
 -213.28409 -213.28409
 -213.04467 -213.04467
 -213.24649 -213.24649
 -212.52312 -212.52312
 -212.64703 -212.64703
 -213.53733 -213.53733
 -212.41999 -212.41999
 -213.69917 -213.69917
 -213.32508 -213.32508
 -212.39542 -212.39542
 -213.17216 -213.17216
 -212.79154 -212.79154
 -213.2256 -213.2256
 -212.33253 -212.33253
 -213.08993 -213.08993
 -213.38976 -213.38976
 -212.80809 -212.80809
 -213.76824 -213.76824
 -212.85933 -212.85933
 -212.98287 -212.98287
 -213.37274 -213.37274
 -213.4109 -213.4109
 -213.24175 -213.24175
 -213.13332 -213.13332
 -212.85699 -212.85699
 -213.1 -213.1
 -212.5011 -212.5011
 -212.94864 -212.94864
 -213.03435 -213.03435
 -213.13557 -213.13557
 -213.07143 -213.07143
 -212.93008 -212.93008
 -213.11642 -213.11642
 -212.7126 -212.7126
 -213.52199 -213.52199
 -213.23396 -213.23396
 -213.00335 -213.00335
 -212.48065 -212.48065
 -213.35651 -213.35651
 -213.42688 -213.42688
 -212.75394 -212.75394
 -212.40168 -212.40168
 -213.00322 -213.00322
 -212.86016 -212.86016
 -212.72073 -212.72073
 -213.34035 -213.34035
 -212.76545 -212.76545
 -213.52193 -213.52193
 -212.94603 -212.94603
 -213.38466 -213.38466
 -212.75505 -212.75505
 -213.30845 -213.30845
 -213.57502 -213.57502
 -212.88355 -212.88355
 -212.80642 -212.80642
 -212.98487 -212.98487
 -212.86075 -212.86075
 -213.61831 -213.61831
 -212.96524 -212.96524
 -212.74412 -212.74412
 -212.59851 -212.59851
 -213.16557 -213.16557
 -213.27029 -213.27029
 -213.14063 -213.14063
 -213.73393 -213.73393
 -212.37408 -212.37408
 -213.31754 -213.31754
 -213.16842 -213.16842
 -213.37599 -213.37599
 -212.8613 -212.8613
 -213.23828 -213.23828
 -212.39008 -212.39008
 -213.40159 -213.40159
 -213.25431 -213.25431
 -212.92006 -212.92006
 -213.14868 -213.14868
 -213.17718 -213.17718
 -212.54167 -212.54167
 -212.9578 -212.9578
 -213.08938 -213.08938
 -213.12665 -213.12665
 -213.14613 -213.14613
 -213.30167 -213.30167
 -212.55661 -212.55661
 -212.88633 -212.88633
 -213.43329 -213.43329
 -212.73438 -212.73438
 -212.94821 -212.94821
 -212.65007 -212.65007
 -212.52541 -212.52541
 -213.26578 -213.26578
 -212.5766 -212.5766
 -213.23312 -213.23312
 -212.62963 -212.62963
 -212.37285 -212.37285
 -212.98583 -212.98583
 -212.07529 -212.07529
 -212.78011 -212.78011
 -213.09903 -213.09903
 -212.82146 -212.82146
 -213.27384 -213.27384
 -212.50661 -212.50661
 -213.099 -213.099
 -212.68526 -212.68526
 -212.74858 -212.74858
 -213.05238 -213.05238
 -212.42174 -212.42174
 -213.00761 -213.00761
 -212.78367 -212.78367
 -213.31674 -213.31674
 -212.54847 -212.54847
 -212.97917 -212.97917
 -213.27329 -213.27329
 -212.56996 -212.56996
 -213.29514 -213.29514
 -212.90249 -212.90249
 -212.30882 -212.30882
 -213.3019 -213.3019
 -212.86781 -212.86781
 -212.17337 -212.17337
 -213.19972 -213.19972
 -212.56296 -212.56296
 -212.67127 -212.67127
 -213.38149 -213.38149
 -213.08041 -213.08041
 -213.45145 -213.45145
 -212.92053 -212.92053
 -212.60291 -212.60291
 -213.33509 -213.33509
 -213.17987 -213.17987
 -212.4191 -212.4191
 -212.99966 -212.99966
 -212.39784 -212.39784
 -212.73472 -212.73472
 -213.04184 -213.04184
 -213.12799 -213.12799
 -213.45021 -213.45021
 -213.17048 -213.17048
 -213.49594 -213.49594
 -212.82772 -212.82772
 -212.72088 -212.72088
 -212.36785 -212.36785
 -213.03149 -213.03149
 -212.9586 -212.9586
 -212.78917 -212.78917
 -212.31236 -212.31236
 -213.00575 -213.00575
 -212.53633 -212.53633
 -213.5013 -213.5013
 -212.69249 -212.69249
 -213.00013 -213.00013
 -212.56804 -212.56804
 -212.53822 -212.53822
 -213.01133 -213.01133
 -212.49425 -212.49425
 -213.27127 -213.27127
 -212.87726 -212.87726
 -213.12905 -213.12905
 -213.58551 -213.58551
 -213.26032 -213.26032
 -212.46098 -212.46098
 -213.00747 -213.00747
 -212.46695 -212.46695
 -213.00857 -213.00857
 -212.86825 -212.86825
 -213.1576 -213.1576
 -212.52952 -212.52952
 -213.03987 -213.03987
 -212.48542 -212.48542
 -212.87967 -212.87967
 -212.92561 -212.92561
 -212.93721 -212.93721
 -212.6907 -212.6907
 -213.56929 -213.56929
 -212.68911 -212.68911
 -213.24081 -213.24081
 -212.95162 -212.95162
 -213.26308 -213.26308
 -213.36265 -213.36265
 -212.66631 -212.66631
 -213.57039 -213.57039
 -213.07069 -213.07069
 -213.02729 -213.02729
 -212.89577 -212.89577
 -213.3467 -213.3467
 -212.62284 -212.62284
 -212.6138 -212.6138
 -213.03932 -213.03932
 -212.9064 -212.9064
 -213.22692 -213.22692
 -213.22748 -213.22748
 -212.99871 -212.99871
 -212.74538 -212.74538
 -212.75451 -212.75451
 -212.40308 -212.40308
 -212.71683 -212.71683
 -212.9001 -212.9001
 -212.62411 -212.62411
 -213.30641 -213.30641
 -212.28718 -212.28718
 -212.64521 -212.64521
 -213.59588 -213.59588
 -213.15005 -213.15005
 -213.22867 -213.22867
 -212.97473 -212.97473
 -212.59563 -212.59563
 -212.79264 -212.79264
 -212.49492 -212.49492
 -212.75948 -212.75948
 -212.91406 -212.91406
 -212.78104 -212.78104
 -213.44681 -213.44681
 -213.18171 -213.18171
 -213.42967 -213.42967
 -213.44311 -213.44311
 -212.91591 -212.91591
 -213.38009 -213.38009
 -212.76755 -212.76755
 -213.47314 -213.47314
 -212.39056 -212.39056
 -212.8991 -212.8991
 -213.23675 -213.23675
 -212.55334 -212.55334
 -213.60357 -213.60357
 -213.05165 -213.05165
 -212.28293 -212.28293
 -212.8557 -212.8557
 -212.4182 -212.4182
 -213.04383 -213.04383
 -213.20784 -213.20784
 -212.68268 -212.68268
 -213.23221 -213.23221
 -212.89155 -212.89155
 -212.93562 -212.93562
 -212.85132 -212.85132
 -212.6762 -212.6762
 -213.19911 -213.19911
 -212.87092 -212.87092
 -213.23456 -213.23456
 -212.6756 -212.6756
 -212.08037 -212.08037
 -213.0862 -213.0862
 -212.20285 -212.20285
 -213.17792 -213.17792
 -213.28612 -213.28612
 -212.93702 -212.93702
 -212.52501 -212.52501
 -212.77329 -212.77329
 -213.05262 -213.05262
 -212.32494 -212.32494
 -212.50897 -212.50897
 -212.71282 -212.71282
 -212.81364 -212.81364
 -212.68076 -212.68076
 -213.7406 -213.7406
 -212.43858 -212.43858
 -212.6125 -212.6125
 -212.89205 -212.89205
 -212.13229 -212.13229
 -212.9687 -212.9687
 -213.4136 -213.4136
 -212.58235 -212.58235
 -213.15074 -213.15074
 -212.31234 -212.31234
 -213.15813 -213.15813
 -212.45207 -212.45207
 -213.4044 -213.4044
 -212.77862 -212.77862
 -213.00721 -213.00721
 -212.84502 -212.84502
 -212.85342 -212.85342
 -213.05479 -213.05479
 -212.3156 -212.3156
 -212.64981 -212.64981
 -213.19558 -213.19558
 -211.86971 -211.86971
 -212.74853 -212.74853
 -211.89109 -211.89109
 -213.17417 -213.17417
 -212.85711 -212.85711
 -212.45567 -212.45567
 -213.27116 -213.27116
 -212.42486 -212.42486
 -213.0423 -213.0423
 -212.66661 -212.66661
 -212.97903 -212.97903
 -213.6949 -213.6949
 -213.02193 -213.02193
 -213.18755 -213.18755
 -213.49667 -213.49667
 -213.08897 -213.08897
 -213.1525 -213.1525
 -212.26061 -212.26061
 -213.0464 -213.0464
 -211.77649 -211.77649
 -212.95487 -212.95487
 -213.30734 -213.30734
 -213.14907 -213.14907
 -212.88897 -212.88897
 -212.84595 -212.84595
 -213.26209 -213.26209
 -212.54828 -212.54828
 -213.4611 -213.4611
 -212.89345 -212.89345
 -212.74625 -212.74625
 -213.21453 -213.21453
 -212.67168 -212.67168
 -213.4358 -213.4358
 -212.75371 -212.75371
 -213.43094 -213.43094
 -212.54821 -212.54821
 -213.45557 -213.45557
 -213.25005 -213.25005
 -212.96287 -212.96287
 -212.55656 -212.55656
 -212.99927 -212.99927
 -212.53161 -212.53161
 -212.14475 -212.14475
 -212.49051 -212.49051
 -213.45087 -213.45087
 -212.49685 -212.49685
 -212.89556 -212.89556
 -212.78269 -212.78269
 -213.4647 -213.4647
 -212.61456 -212.61456
 -213.08538 -213.08538
 -212.8188 -212.8188
 -213.11818 -213.11818
 -212.49173 -212.49173
 -212.72008 -212.72008
 -213.40275 -213.40275
 -213.02803 -213.02803
 -213.05656 -213.05656
 -212.92647 -212.92647
 -213.34016 -213.34016
 -212.21068 -212.21068
 -213.44035 -213.44035
 -213.1501 -213.1501
 -213.29541 -213.29541
 -213.43534 -213.43534
 -212.94393 -212.94393
 -212.63718 -212.63718
 -213.37244 -213.37244
 -213.54068 -213.54068
 -212.5407 -212.5407
 -213.06609 -213.06609
 -213.292 -213.292
 -212.74599 -212.74599
 -213.58589 -213.58589
 -212.79715 -212.79715
 -212.27231 -212.27231
 -213.31599 -213.31599
 -212.84354 -212.84354
 -212.90597 -212.90597
 -212.87973 -212.87973
 -213.52972 -213.52972
 -213.00001 -213.00001
 -213.08199 -213.08199
 -212.71122 -212.71122
 -213.02446 -213.02446
 -212.8336 -212.8336
 -212.91918 -212.91918
 -212.7061 -212.7061
 -213.04844 -213.04844
 -212.01772 -212.01772
 -212.71863 -212.71863
 -213.70968 -213.70968
 -212.91268 -212.91268
 -213.18702 -213.18702
 -212.46709 -212.46709
 -212.2096 -212.2096
 -213.19508 -213.19508
 -213.36259 -213.36259
 -212.89313 -212.89313
 -212.81027 -212.81027
 -212.71191 -212.71191
 -213.0385 -213.0385
 -212.66447 -212.66447
 -212.84768 -212.84768
 -212.98509 -212.98509
 -212.41399 -212.41399
 -212.66834 -212.66834
 -212.68536 -212.68536
 -213.44153 -213.44153
 -212.84226 -212.84226
 -213.18201 -213.18201
 -212.77743 -212.77743
 -212.45358 -212.45358
 -213.01956 -213.01956
 -212.8478 -212.8478
 -212.01973 -212.01973
 -213.28013 -213.28013
 -213.1689 -213.1689
 -213.09211 -213.09211
 -213.06254 -213.06254
 -213.44543 -213.44543
 -212.93103 -212.93103
 -212.85589 -212.85589
 -212.79912 -212.79912
 -212.69343 -212.69343
 -212.49464 -212.49464
 -213.18652 -213.18652
 -212.93904 -212.93904
 -213.0746 -213.0746
 -213.40633 -213.40633
 -213.86722 -213.86722
 -212.46097 -212.46097
 -212.76896 -212.76896
 -212.9242 -212.9242
 -212.65665 -212.65665
 -213.03969 -213.03969
 -212.81814 -212.81814
 -213.16709 -213.16709
 -213.20343 -213.20343
 -213.34084 -213.34084
 -213.04837 -213.04837
 -213.06073 -213.06073
 -212.42738 -212.42738
 -212.91758 -212.91758
 -212.93864 -212.93864
 -213.2732 -213.2732
 -212.45951 -212.45951
 -213.11308 -213.11308
 -213.34591 -213.34591
 -212.65505 -212.65505
 -213.075 -213.075
 -212.99118 -212.99118
 -212.94851 -212.94851
 -212.80225 -212.80225
 -213.18595 -213.18595
 -212.39962 -212.39962
 -213.25414 -213.25414
 -212.3571 -212.3571
 -212.76392 -212.76392
 -212.75237 -212.75237
 -212.98008 -212.98008
 -212.90807 -212.90807
 -213.43077 -213.43077
 -213.01878 -213.01878
 -212.97645 -212.97645
 -213.16738 -213.16738
 -213.06284 -213.06284
 -213.45521 -213.45521
 -212.83746 -212.83746
 -213.48323 -213.48323
 -213.06591 -213.06591
 -212.59414 -212.59414
 -213.56522 -213.56522
 -213.1309 -213.1309
 -212.55948 -212.55948
 -212.96951 -212.96951
 -212.71192 -212.71192
 -212.90577 -212.90577
 -212.58743 -212.58743
 -212.63023 -212.63023
 -212.66241 -212.66241
 -213.06162 -213.06162
 -213.19241 -213.19241
 -212.86573 -212.86573
 -213.15764 -213.15764
 -212.60462 -212.60462
 -212.93613 -212.93613
 -212.37092 -212.37092
 -213.22086 -213.22086
 -212.60251 -212.60251
 -213.5054 -213.5054
 -212.55675 -212.55675
 -213.18173 -213.18173
 -212.91109 -212.91109
 -213.22296 -213.22296
 -213.43421 -213.43421
 -213.09324 -213.09324
 -213.71131 -213.71131
 -212.66657 -212.66657
 -212.95386 -212.95386
 -213.13304 -213.13304
 -213.17503 -213.17503
 -213.5692 -213.5692
 -212.95181 -212.95181
 -213.11567 -213.11567
 -213.30935 -213.30935
 -212.8063 -212.8063
 -212.84901 -212.84901
 -213.16773 -213.16773
 -212.85816 -212.85816
 -213.32998 -213.32998
 -212.97912 -212.97912
 -212.77446 -212.77446
 -213.16841 -213.16841
 -212.56153 -212.56153
 -213.06286 -213.06286
 -212.91481 -212.91481
 -213.06534 -213.06534
 -212.88959 -212.88959
 -213.22389 -213.22389
 -212.86063 -212.86063
 -213.28392 -213.28392
 -212.55412 -212.55412
 -213.22187 -213.22187
 -213.03434 -213.03434
 -212.94668 -212.94668
 -212.4344 -212.4344
 -212.93326 -212.93326
 -212.05806 -212.05806
 -213.132 -213.132
 -213.23572 -213.23572
 -213.16539 -213.16539
 -212.906 -212.906
 -212.57534 -212.57534
 -213.0106 -213.0106
 -212.33998 -212.33998
 -212.589 -212.589
 -212.95123 -212.95123
 -212.9447 -212.9447
 -212.99453 -212.99453
 -212.81113 -212.81113
 -212.70728 -212.70728
 -212.55002 -212.55002
 -212.59914 -212.59914
 -212.6099 -212.6099
 -212.95346 -212.95346
 -212.70549 -212.70549
 -213.09572 -213.09572
 -212.35721 -212.35721
 -213.29405 -213.29405
 -213.3161 -213.3161
 -213.13883 -213.13883
 -213.23659 -213.23659
 -212.54043 -212.54043
 -212.60164 -212.60164
 -212.80172 -212.80172
 -213.18298 -213.18298
 -212.6389 -212.6389
 -212.96691 -212.96691
 -212.76036 -212.76036
 -213.2028 -213.2028
 -213.30428 -213.30428
 -212.24071 -212.24071
 -212.85875 -212.85875
 -213.02367 -213.02367
 -213.0815 -213.0815
 -213.43589 -213.43589
 -212.17862 -212.17862
 -212.21647 -212.21647
 -213.20243 -213.20243
 -212.35955 -212.35955
 -212.633 -212.633
 -213.3298 -213.3298
 -212.89273 -212.89273
 -213.75169 -213.75169
 -213.01624 -213.01624
 -212.4147 -212.4147
 -212.96721 -212.96721
 -212.94323 -212.94323
 -212.71032 -212.71032
 -213.17641 -213.17641
 -212.82495 -212.82495
 -213.21524 -213.21524
 -211.94784 -211.94784
 -213.56537 -213.56537
 -213.32187 -213.32187
 -213.45072 -213.45072
 -213.02819 -213.02819
 -213.25481 -213.25481
 -212.88379 -212.88379
 -212.28038 -212.28038
 -214.12942 -214.12942
 -213.54048 -213.54048
 -213.54889 -213.54889
 -213.36996 -213.36996
 -212.85828 -212.85828
 -213.42591 -213.42591
 -212.26452 -212.26452
 -213.63043 -213.63043
 -212.82222 -212.82222
 -213.18216 -213.18216
 -212.86632 -212.86632
 -213.12746 -213.12746
 -212.59093 -212.59093
 -212.93665 -212.93665
 -212.66211 -212.66211
 -212.70689 -212.70689
 -212.54902 -212.54902
 -212.59115 -212.59115
 -212.7273 -212.7273
 -213.05031 -213.05031
 -212.74601 -212.74601
 -212.96711 -212.96711
 -212.65465 -212.65465
 -212.35774 -212.35774
 -212.99138 -212.99138
 -212.6462 -212.6462
 -212.89643 -212.89643
 -213.07812 -213.07812
 -213.45503 -213.45503
 -213.12224 -213.12224
 -213.29588 -213.29588
 -212.43238 -212.43238
 -212.84754 -212.84754
 -213.34119 -213.34119
 -213.2797 -213.2797
 -212.61412 -212.61412
 -213.69122 -213.69122
 -213.09376 -213.09376
 -213.3796 -213.3796
 -213.38245 -213.38245
 -213.043 -213.043
 -212.78081 -212.78081
 -212.11635 -212.11635
 -213.3158 -213.3158
 -212.88904 -212.88904
 -213.75808 -213.75808
 -212.54826 -212.54826
 -211.87901 -211.87901
 -212.96057 -212.96057
 -212.27305 -212.27305
 -212.62889 -212.62889
 -213.16378 -213.16378
 -213.0476 -213.0476
 -213.12393 -213.12393
 -213.23571 -213.23571
 -212.94572 -212.94572
 -213.23275 -213.23275
 -213.37723 -213.37723
 -212.76047 -212.76047
 -212.85576 -212.85576
 -212.84717 -212.84717
 -213.16327 -213.16327
 -212.32447 -212.32447
 -213.11304 -213.11304
 -212.52751 -212.52751
 -212.93763 -212.93763
 -212.76884 -212.76884
 -212.90081 -212.90081
 -212.83639 -212.83639
 -212.92825 -212.92825
 -213.28802 -213.28802
 -212.80054 -212.80054
 -213.05184 -213.05184
 -213.21661 -213.21661
 -212.47119 -212.47119
 -213.0164 -213.0164
 -212.69843 -212.69843
 -213.08956 -213.08956
 -212.9404 -212.9404
 -213.75616 -213.75616
 -212.95994 -212.95994
 -213.01871 -213.01871
 -213.26058 -213.26058
 -213.2091 -213.2091
 -213.1924 -213.1924
 -212.94582 -212.94582
 -213.23295 -213.23295
 -212.75372 -212.75372
 -212.36792 -212.36792
 -212.90487 -212.90487
 -212.60952 -212.60952
 -213.67319 -213.67319
 -213.44102 -213.44102
 -213.01325 -213.01325
 -212.81202 -212.81202
 -212.52779 -212.52779
 -212.92193 -212.92193
 -213.13887 -213.13887
 -212.7158 -212.7158
 -213.11715 -213.11715
 -212.81741 -212.81741
 -212.6544 -212.6544
 -212.71063 -212.71063
 -212.76592 -212.76592
 -212.94394 -212.94394
 -212.97625 -212.97625
 -213.35042 -213.35042
 -212.2327 -212.2327
 -213.06547 -213.06547
 -212.36585 -212.36585
 -213.39591 -213.39591
 -212.51472 -212.51472
 -212.91604 -212.91604
 -212.9853 -212.9853
 -213.07368 -213.07368
 -212.63243 -212.63243
 -213.19226 -213.19226
 -212.81104 -212.81104
 -213.37147 -213.37147
 -212.65338 -212.65338
 -213.13268 -213.13268
 -212.59442 -212.59442
 -213.36798 -213.36798
 -212.54657 -212.54657
 -212.94033 -212.94033
 -213.35317 -213.35317
 -212.86154 -212.86154
 -213.11246 -213.11246
 -213.17081 -213.17081
 -212.5922 -212.5922
 -212.90174 -212.90174
 -212.69192 -212.69192
 -212.76311 -212.76311
 -213.00381 -213.00381
 -212.49153 -212.49153
 -212.38917 -212.38917
 -212.8865 -212.8865
 -213.04162 -213.04162
 -213.20362 -213.20362
 -212.8259 -212.8259
 -213.16898 -213.16898
 -213.01954 -213.01954
 -212.21548 -212.21548
 -213.13782 -213.13782
 -213.54209 -213.54209
 -212.96952 -212.96952
 -213.53428 -213.53428
 -212.7998 -212.7998
 -212.89986 -212.89986
 -212.86107 -212.86107
 -213.17117 -213.17117
 -212.74209 -212.74209
 -213.13103 -213.13103
 -212.95384 -212.95384
 -212.58522 -212.58522
 -212.73944 -212.73944
 -212.95145 -212.95145
 -212.93632 -212.93632
 -213.0682 -213.0682
 -212.54653 -212.54653
 -213.04566 -213.04566
 -212.80898 -212.80898
 -212.76801 -212.76801
 -212.94127 -212.94127
 -213.05771 -213.05771
 -212.33931 -212.33931
 -213.08207 -213.08207
 -213.04847 -213.04847
 -212.81945 -212.81945
 -213.16216 -213.16216
 -212.7014 -212.7014
 -213.05322 -213.05322
 -213.03676 -213.03676
 -212.82526 -212.82526
 -212.58203 -212.58203
 -213.96421 -213.96421
 -213.28552 -213.28552
 -212.67252 -212.67252
 -212.68794 -212.68794
 -212.88392 -212.88392
 -212.9195 -212.9195
 -212.9176 -212.9176
 -213.00084 -213.00084
 -213.21399 -213.21399
 -212.28723 -212.28723
 -212.83862 -212.83862
 -212.84759 -212.84759
 -213.58446 -213.58446
 -213.43072 -213.43072
 -212.49503 -212.49503
 -213.38483 -213.38483
 -213.08258 -213.08258
 -212.76868 -212.76868
 -213.11181 -213.11181
 -213.34571 -213.34571
 -212.67062 -212.67062
 -212.3241 -212.3241
 -213.46553 -213.46553
 -213.19334 -213.19334
 -211.82253 -211.82253
 -213.13378 -213.13378
 -212.72184 -212.72184
 -213.30607 -213.30607
 -212.74441 -212.74441
 -213.22706 -213.22706
 -211.72952 -211.72952
 -212.97211 -212.97211
 -213.59043 -213.59043
 -213.20776 -213.20776
 -213.07385 -213.07385
 -212.92657 -212.92657
 -212.71053 -212.71053
 -213.17524 -213.17524
 -213.2879 -213.2879
 -213.17748 -213.17748
 -212.91363 -212.91363
 -212.91891 -212.91891
 -212.59423 -212.59423
 -212.39991 -212.39991
 -212.80614 -212.80614
 -212.59652 -212.59652
 -213.60339 -213.60339
 -213.16648 -213.16648
 -212.9604 -212.9604
 -214.02063 -214.02063
 -213.02809 -213.02809
 -212.56641 -212.56641
 -213.4989 -213.4989
 -213.14343 -213.14343
 -213.07767 -213.07767
 -212.62168 -212.62168
 -213.09132 -213.09132
 -212.52777 -212.52777
 -213.43472 -213.43472
 -213.17436 -213.17436
 -212.97537 -212.97537
 -212.31777 -212.31777
 -212.53867 -212.53867
 -213.37261 -213.37261
 -213.26543 -213.26543
 -212.78791 -212.78791
 -213.4398 -213.4398
 -213.02468 -213.02468
 -213.03955 -213.03955
 -212.98939 -212.98939
 -213.2638 -213.2638
 -212.50689 -212.50689
 -212.86687 -212.86687
 -213.15473 -213.15473
 -213.08453 -213.08453
 -212.54532 -212.54532
 -212.79839 -212.79839
 -212.97129 -212.97129
 -213.11911 -213.11911
 -212.48694 -212.48694
 -213.36912 -213.36912
 -212.93409 -212.93409
 -213.49856 -213.49856
 -213.14379 -213.14379
 -213.54274 -213.54274
 -213.34243 -213.34243
 -212.28114 -212.28114
 -212.94439 -212.94439
 -212.51365 -212.51365
 -213.25489 -213.25489
 -212.69931 -212.69931
 -213.32838 -213.32838
 -212.96385 -212.96385
 -213.06747 -213.06747
 -212.84859 -212.84859
 -213.49662 -213.49662
 -211.81796 -211.81796
 -213.11053 -213.11053
 -212.42399 -212.42399
 -213.02747 -213.02747
 -213.30804 -213.30804
 -213.44228 -213.44228
 -213.49148 -213.49148
 -213.18649 -213.18649
 -212.23305 -212.23305
 -213.4173 -213.4173
 -212.24089 -212.24089
 -212.7693 -212.7693
 -213.72798 -213.72798
 -212.71567 -212.71567
 -213.12083 -213.12083
 -212.90583 -212.90583
 -213.27555 -213.27555
 -213.21048 -213.21048
 -212.69235 -212.69235
 -213.31371 -213.31371
 -213.24022 -213.24022
 -213.14641 -213.14641
 -213.19094 -213.19094
 -213.34288 -213.34288
 -212.82299 -212.82299
 -213.11356 -213.11356
 -211.96793 -211.96793
 -213.64198 -213.64198
 -212.17575 -212.17575
 -213.48047 -213.48047
 -213.44225 -213.44225
 -213.34936 -213.34936
 -213.5019 -213.5019
 -213.17844 -213.17844
 -213.02472 -213.02472
 -213.10588 -213.10588
 -212.69047 -212.69047
 -212.9794 -212.9794
 -213.54724 -213.54724
 -212.57064 -212.57064
 -212.89453 -212.89453
 -212.77076 -212.77076
 -213.28107 -213.28107
 -212.60727 -212.60727
 -212.92127 -212.92127
 -212.25769 -212.25769
 -212.72806 -212.72806
 -213.07892 -213.07892
 -212.87008 -212.87008
 -213.09381 -213.09381
 -212.99989 -212.99989
 -212.64164 -212.64164
 -213.89543 -213.89543
 -213.04011 -213.04011
 -213.52871 -213.52871
 -212.75569 -212.75569
 -213.53659 -213.53659
 -212.59183 -212.59183
 -212.93643 -212.93643
 -213.30706 -213.30706
 -212.80747 -212.80747
 -213.15644 -213.15644
 -213.02508 -213.02508
 -212.54477 -212.54477
 -212.87964 -212.87964
 -212.00489 -212.00489
 -212.8206 -212.8206
 -212.92051 -212.92051
 -213.04532 -213.04532
 -213.1154 -213.1154
 -212.14484 -212.14484
 -213.35479 -213.35479
 -212.61868 -212.61868
 -213.01207 -213.01207
 -212.6067 -212.6067
 -213.15431 -213.15431
 -212.77806 -212.77806
 -213.02173 -213.02173
 -212.51713 -212.51713
 -213.58798 -213.58798
 -212.50254 -212.50254
 -213.33015 -213.33015
 -212.81957 -212.81957
 -212.90064 -212.90064
 -212.83869 -212.83869
 -213.21028 -213.21028
 -212.86064 -212.86064
 -212.79582 -212.79582
 -213.49151 -213.49151
 -212.95194 -212.95194
 -212.52154 -212.52154
 -212.58681 -212.58681
 -213.36036 -213.36036
 -212.44023 -212.44023
 -212.79108 -212.79108
 -212.98587 -212.98587
 -212.73387 -212.73387
 -212.97529 -212.97529
 -213.32968 -213.32968
 -212.83984 -212.83984
 -212.78619 -212.78619
 -212.14648 -212.14648
 -212.98416 -212.98416
 -212.84189 -212.84189
 -213.00468 -213.00468
 -212.18506 -212.18506
 -212.90505 -212.90505
 -213.11346 -213.11346
 -213.15587 -213.15587
 -212.71891 -212.71891
 -213.06506 -213.06506
 -213.17861 -213.17861
 -213.27714 -213.27714
 -213.16277 -213.16277
 -213.06711 -213.06711
 -213.43241 -213.43241
 -213.16604 -213.16604
 -212.49103 -212.49103
 -213.05683 -213.05683
 -212.5205 -212.5205
 -213.27022 -213.27022
 -212.75627 -212.75627
 -213.2707 -213.2707
 -212.57176 -212.57176
 -213.15004 -213.15004
 -213.03169 -213.03169
 -213.02016 -213.02016
 -213.1097 -213.1097
 -212.23258 -212.23258
 -213.04303 -213.04303
 -213.20461 -213.20461
 -212.55049 -212.55049
 -212.70538 -212.70538
 -213.08248 -213.08248
 -213.23688 -213.23688
 -212.55296 -212.55296
 -213.22327 -213.22327
 -213.02092 -213.02092
 -212.86958 -212.86958
 -212.35701 -212.35701
 -212.62522 -212.62522
 -213.0651 -213.0651
 -212.83008 -212.83008
 -212.79473 -212.79473
 -213.28156 -213.28156
 -212.77183 -212.77183
 -212.98585 -212.98585
 -212.6907 -212.6907
 -212.88593 -212.88593
 -213.52458 -213.52458
 -212.2256 -212.2256
 -213.10167 -213.10167
 -212.72346 -212.72346
 -213.52894 -213.52894
 -212.4477 -212.4477
 -213.08832 -213.08832
 -212.96593 -212.96593
 -213.70119 -213.70119
 -212.73959 -212.73959
 -212.507 -212.507
 -212.89026 -212.89026
 -212.46415 -212.46415
 -213.04678 -213.04678
 -212.61899 -212.61899
 -212.82961 -212.82961
 -213.15245 -213.15245
 -212.1856 -212.1856
 -213.47017 -213.47017
 -212.75273 -212.75273
 -213.61913 -213.61913
 -212.88453 -212.88453
 -213.01303 -213.01303
 -213.22854 -213.22854
 -213.08625 -213.08625
 -213.04965 -213.04965
 -212.99099 -212.99099
 -212.97693 -212.97693
 -212.69509 -212.69509
 -212.93296 -212.93296
 -212.49476 -212.49476
 -213.14599 -213.14599
 -212.90099 -212.90099
 -212.91181 -212.91181
 -212.58841 -212.58841
 -212.80952 -212.80952
 -212.21249 -212.21249
 -212.85646 -212.85646
 -212.98939 -212.98939
 -212.91933 -212.91933
 -213.19594 -213.19594
 -212.72323 -212.72323
 -213.01498 -213.01498
 -212.83239 -212.83239
 -212.74433 -212.74433
 -213.66186 -213.66186
 -213.18225 -213.18225
 -213.65217 -213.65217
 -212.87567 -212.87567
 -212.95275 -212.95275
 -212.79322 -212.79322
 -213.03633 -213.03633
 -212.70529 -212.70529
 -212.8198 -212.8198
 -212.75323 -212.75323
 -213.01759 -213.01759
 -213.582 -213.582
 -212.80866 -212.80866
 -213.30986 -213.30986
 -212.78701 -212.78701
 -212.81192 -212.81192
 -212.71821 -212.71821
 -212.25673 -212.25673
 -213.26821 -213.26821
 -213.1505 -213.1505
 -213.13109 -213.13109
 -212.51568 -212.51568
 -212.41769 -212.41769
 -212.81258 -212.81258
 -212.99622 -212.99622
 -213.28861 -213.28861
 -212.91323 -212.91323
 -213.16208 -213.16208
 -212.73956 -212.73956
 -212.76712 -212.76712
 -212.7813 -212.7813
 -212.98861 -212.98861
 -213.11611 -213.11611
 -213.01795 -213.01795
 -212.0689 -212.0689
 -212.8565 -212.8565
 -212.76259 -212.76259
 -212.86726 -212.86726
 -213.6677 -213.6677
 -212.91394 -212.91394
 -213.29282 -213.29282
 -213.14151 -213.14151
 -213.52061 -213.52061
 -212.86971 -212.86971
 -213.06496 -213.06496
 -212.68037 -212.68037
 -213.48881 -213.48881
 -212.72371 -212.72371
 -212.96855 -212.96855
 -212.39013 -212.39013
 -212.65281 -212.65281
 -213.0354 -213.0354
 -213.10831 -213.10831
 -212.92046 -212.92046
 -212.97053 -212.97053
 -213.56013 -213.56013
 -212.74028 -212.74028
 -213.1679 -213.1679
 -212.57821 -212.57821
 -213.49461 -213.49461
 -212.50547 -212.50547
 -213.14781 -213.14781
 -211.98353 -211.98353
 -212.64195 -212.64195
 -212.68126 -212.68126
 -213.54434 -213.54434
 -212.78872 -212.78872
 -213.34725 -213.34725
 -212.70163 -212.70163
 -213.04084 -213.04084
 -212.51904 -212.51904
 -213.18378 -213.18378
 -213.06348 -213.06348
 -212.90088 -212.90088
 -212.44607 -212.44607
 -213.13715 -213.13715
 -212.7238 -212.7238
 -212.73497 -212.73497
 -213.16082 -213.16082
 -212.52899 -212.52899
 -213.17899 -213.17899
 -213.17598 -213.17598
 -213.22772 -213.22772
 -213.04084 -213.04084
 -213.06007 -213.06007
 -212.76426 -212.76426
 -213.4869 -213.4869
 -212.76899 -212.76899
 -212.68328 -212.68328
 -212.95503 -212.95503
 -212.88792 -212.88792
 -212.47642 -212.47642
 -213.03021 -213.03021
 -213.06554 -213.06554
 -212.40546 -212.40546
 -212.69476 -212.69476
 -213.1745 -213.1745
 -212.63439 -212.63439
 -212.85888 -212.85888
 -212.49737 -212.49737
 -213.32237 -213.32237
 -212.45171 -212.45171
 -213.21211 -213.21211
 -213.24902 -213.24902
 -212.6482 -212.6482
 -213.76681 -213.76681
 -212.4601 -212.4601
 -212.6739 -212.6739
 -212.98845 -212.98845
 -212.28985 -212.28985
 -213.49444 -213.49444
 -212.80246 -212.80246
 -212.94665 -212.94665
 -213.02222 -213.02222
 -213.41756 -213.41756
 -213.01096 -213.01096
 -212.50092 -212.50092
 -212.79268 -212.79268
 -212.6039 -212.6039
 -213.09742 -213.09742
 -212.79474 -212.79474
 -213.28828 -213.28828
 -212.6417 -212.6417
 -212.91218 -212.91218
 -213.24222 -213.24222
 -213.5025 -213.5025
 -213.22447 -213.22447
 -213.25954 -213.25954
 -212.71718 -212.71718
 -213.04913 -213.04913
 -212.72126 -212.72126
 -212.92018 -212.92018
 -213.03457 -213.03457
 -212.77469 -212.77469
 -213.23952 -213.23952
 -213.09189 -213.09189
 -213.1412 -213.1412
 -212.6869 -212.6869
 -212.65698 -212.65698
 -212.01869 -212.01869
 -212.80691 -212.80691
 -213.39412 -213.39412
 -213.10358 -213.10358
 -213.74125 -213.74125
 -212.7148 -212.7148
 -212.68413 -212.68413
 -213.08934 -213.08934
 -213.14373 -213.14373
 -213.22202 -213.22202
 -212.77377 -212.77377
 -213.24983 -213.24983
 -212.31602 -212.31602
 -213.12906 -213.12906
 -213.31555 -213.31555
 -213.36413 -213.36413
 -213.08604 -213.08604
 -213.76765 -213.76765
 -212.48941 -212.48941
 -213.67354 -213.67354
 -212.87761 -212.87761
 -213.01466 -213.01466
 -212.59082 -212.59082
 -213.05542 -213.05542
 -213.27606 -213.27606
 -212.51875 -212.51875
 -213.42108 -213.42108
 -213.12009 -213.12009
 -213.04361 -213.04361
 -213.09064 -213.09064
 -212.40592 -212.40592
 -212.74628 -212.74628
 -213.43457 -213.43457
 -213.24125 -213.24125
 -213.65251 -213.65251
 -212.7086 -212.7086
 -213.28928 -213.28928
 -212.79627 -212.79627
 -213.3032 -213.3032
 -212.68697 -212.68697
 -213.11131 -213.11131
 -213.22661 -213.22661
 -213.38523 -213.38523
 -213.34944 -213.34944
 -212.41196 -212.41196
 -212.99322 -212.99322
 -212.39182 -212.39182
 -213.08021 -213.08021
 -213.35194 -213.35194
 -212.7092 -212.7092
 -213.17431 -213.17431
 -212.94761 -212.94761
 -212.65952 -212.65952
 -212.4419 -212.4419
 -212.71405 -212.71405
 -213.17167 -213.17167
 -213.2859 -213.2859
 -212.43719 -212.43719
 -212.65036 -212.65036
 -212.25631 -212.25631
 -213.20085 -213.20085
 -212.44315 -212.44315
 -212.50176 -212.50176
 -213.58288 -213.58288
 -212.96188 -212.96188
 -212.79695 -212.79695
 -212.8029 -212.8029
 -212.99474 -212.99474
 -213.18332 -213.18332
 -213.09491 -213.09491
 -213.39315 -213.39315
 -212.79375 -212.79375
 -213.50196 -213.50196
 -212.71305 -212.71305
 -213.68279 -213.68279
 -213.01706 -213.01706
 -213.15171 -213.15171
 -213.08813 -213.08813
 -212.56488 -212.56488
 -213.56474 -213.56474
 -212.57222 -212.57222
 -213.16695 -213.16695
 -212.89474 -212.89474
 -213.2732 -213.2732
 -213.56028 -213.56028
 -213.33449 -213.33449
 -212.201 -212.201
 -212.8915 -212.8915
 -212.25449 -212.25449
 -212.91383 -212.91383
 -212.7251 -212.7251
 -213.73013 -213.73013
 -212.55229 -212.55229
 -212.66578 -212.66578
 -212.46227 -212.46227
 -212.5816 -212.5816
 -211.4567 -211.4567
 -213.11632 -213.11632
 -212.33331 -212.33331
 -212.67675 -212.67675
 -213.38304 -213.38304
 -212.45949 -212.45949
 -213.14593 -213.14593
 -212.073 -212.073
 -213.60467 -213.60467
 -212.96963 -212.96963
 -213.42719 -213.42719
 -212.95848 -212.95848
 -213.33615 -213.33615
 -212.99017 -212.99017
 -213.14292 -213.14292
 -212.77841 -212.77841
 -213.37981 -213.37981
 -213.19975 -213.19975
 -213.14057 -213.14057
 -213.51192 -213.51192
 -212.33473 -212.33473
 -213.66586 -213.66586
 -213.13169 -213.13169
 -213.51546 -213.51546
 -212.64839 -212.64839
 -213.69177 -213.69177
 -212.75385 -212.75385
 -213.06032 -213.06032
 -213.21216 -213.21216
 -213.44066 -213.44066
 -212.8783 -212.8783
 -212.91164 -212.91164
 -213.20409 -213.20409
 -213.14098 -213.14098
 -213.52813 -213.52813
 -212.58926 -212.58926
 -212.64276 -212.64276
 -212.93116 -212.93116
 -212.97037 -212.97037
 -212.65333 -212.65333
 -212.76414 -212.76414
 -213.29027 -213.29027
 -213.12188 -213.12188
 -212.78897 -212.78897
 -213.51786 -213.51786
 -212.62234 -212.62234
 -212.78436 -212.78436
 -212.87918 -212.87918
 -212.9586 -212.9586
 -212.54079 -212.54079
 -213.20175 -213.20175
 -212.7505 -212.7505
 -213.14872 -213.14872
 -213.21131 -213.21131
 -212.27563 -212.27563
 -212.71322 -212.71322
 -213.20185 -213.20185
 -213.05327 -213.05327
 -213.26972 -213.26972
 -212.42974 -212.42974
 -212.52102 -212.52102
 -213.68361 -213.68361
 -212.47473 -212.47473
 -212.91284 -212.91284
 -213.30568 -213.30568
 -212.8422 -212.8422
 -213.28259 -213.28259
 -213.36455 -213.36455
 -212.88352 -212.88352
 -213.42777 -213.42777
 -212.84913 -212.84913
 -212.79468 -212.79468
 -213.01604 -213.01604
 -213.05766 -213.05766
 -213.34794 -213.34794
 -212.67207 -212.67207
 -212.89386 -212.89386
 -213.27381 -213.27381
 -212.85694 -212.85694
 -213.3935 -213.3935
 -212.93388 -212.93388
 -213.31375 -213.31375
 -212.63714 -212.63714
 -212.43387 -212.43387
 -213.05751 -213.05751
 -213.02158 -213.02158
 -212.79658 -212.79658
 -212.76241 -212.76241
 -213.3832 -213.3832
 -212.57123 -212.57123
 -213.14535 -213.14535
 -212.52602 -212.52602
 -213.25424 -213.25424
 -212.41635 -212.41635
 -212.6592 -212.6592
 -212.66495 -212.66495
 -212.67264 -212.67264
 -212.90813 -212.90813
 -212.60767 -212.60767
 -213.58478 -213.58478
 -213.27211 -213.27211
 -212.91055 -212.91055
 -212.14533 -212.14533
 -213.27012 -213.27012
 -213.09894 -213.09894
 -212.98905 -212.98905
 -213.45364 -213.45364
 -212.80963 -212.80963
 -212.8631 -212.8631
 -212.60901 -212.60901
 -213.1007 -213.1007
 -212.74789 -212.74789
 -213.43987 -213.43987
 -212.44148 -212.44148
 -213.52427 -213.52427
 -213.50339 -213.50339
 -213.46289 -213.46289
 -213.25163 -213.25163
 -213.36456 -213.36456
 -213.01523 -213.01523
 -213.01216 -213.01216
 -212.52502 -212.52502
 -213.59782 -213.59782
 -212.87972 -212.87972
 -213.1256 -213.1256
 -212.60047 -212.60047
 -212.7327 -212.7327
 -212.79274 -212.79274
 -212.85278 -212.85278
 -213.10019 -213.10019
 -212.91702 -212.91702
 -213.01884 -213.01884
 -212.45735 -212.45735
 -212.73416 -212.73416
 -212.86651 -212.86651
 -212.60324 -212.60324
 -213.18975 -213.18975
 -213.42401 -213.42401
 -213.3415 -213.3415
 -213.04811 -213.04811
 -213.44213 -213.44213
 -212.8666 -212.8666
 -212.77371 -212.77371
 -212.21178 -212.21178
 -212.95605 -212.95605
 -213.46765 -213.46765
 -212.89825 -212.89825
 -212.96801 -212.96801
 -213.01561 -213.01561
 -213.22789 -213.22789
 -212.54712 -212.54712
 -212.60698 -212.60698
 -213.21143 -213.21143
 -213.15061 -213.15061
 -212.63925 -212.63925
 -213.22612 -213.22612
 -212.401 -212.401
 -213.59779 -213.59779
 -212.89224 -212.89224
 -213.87603 -213.87603
 -212.57229 -212.57229
 -213.69809 -213.69809
 -212.92738 -212.92738
 -212.3783 -212.3783
 -213.33794 -213.33794
 -212.91561 -212.91561
 -213.10513 -213.10513
 -213.49113 -213.49113
 -212.94888 -212.94888
 -213.56497 -213.56497
 -212.83407 -212.83407
 -212.9317 -212.9317
 -212.9549 -212.9549
 -212.29035 -212.29035
 -212.68684 -212.68684
 -212.80603 -212.80603
 -212.42969 -212.42969
 -213.40466 -213.40466
 -213.18734 -213.18734
 -212.70608 -212.70608
 -212.95734 -212.95734
 -211.72831 -211.72831
 -213.29196 -213.29196
 -212.50194 -212.50194
 -213.12481 -213.12481
 -212.60783 -212.60783
 -213.16932 -213.16932
 -213.15629 -213.15629
 -212.8311 -212.8311
 -213.44155 -213.44155
 -213.35331 -213.35331
 -212.97587 -212.97587
 -212.82283 -212.82283
 -212.83502 -212.83502
 -213.75438 -213.75438
 -212.59045 -212.59045
 -212.58336 -212.58336
 -212.51736 -212.51736
 -213.37426 -213.37426
 -213.33702 -213.33702
 -213.08029 -213.08029
 -213.13717 -213.13717
 -212.9398 -212.9398
 -212.4968 -212.4968
 -212.86378 -212.86378
 -212.68147 -212.68147
 -213.40808 -213.40808
 -213.26571 -213.26571
 -212.57106 -212.57106
 -213.33733 -213.33733
 -212.59865 -212.59865
 -213.48229 -213.48229
 -213.14962 -213.14962
 -213.4593 -213.4593
 -212.86727 -212.86727
 -212.95574 -212.95574
 -212.15907 -212.15907
 -212.82024 -212.82024
 -213.04399 -213.04399
 -212.1398 -212.1398
 -212.50416 -212.50416
 -212.57629 -212.57629
 -213.17637 -213.17637
 -212.75827 -212.75827
 -213.09742 -213.09742
 -212.96952 -212.96952
 -213.55702 -213.55702
 -212.41413 -212.41413
 -213.01206 -213.01206
 -213.00192 -213.00192
 -212.94946 -212.94946
 -212.90897 -212.90897
 -212.86328 -212.86328
 -212.81396 -212.81396
 -212.11927 -212.11927
 -213.35018 -213.35018
 -212.54849 -212.54849
 -212.86515 -212.86515
 -213.63252 -213.63252
 -212.38662 -212.38662
 -213.45372 -213.45372
 -213.01236 -213.01236
 -213.12443 -213.12443
 -213.17804 -213.17804
 -212.89457 -212.89457
 -212.94584 -212.94584
 -213.03814 -213.03814
 -213.05738 -213.05738
 -213.16038 -213.16038
 -213.49559 -213.49559
 -212.8022 -212.8022
 -213.01516 -213.01516
 -212.70406 -212.70406
 -213.06232 -213.06232
 -213.30413 -213.30413
 -212.7057 -212.7057
 -212.95626 -212.95626
 -213.18346 -213.18346
 -213.09001 -213.09001
 -212.81484 -212.81484
 -213.5026 -213.5026
 -212.55085 -212.55085
 -213.21464 -213.21464
 -212.61654 -212.61654
 -213.2066 -213.2066
 -213.0181 -213.0181
 -212.85254 -212.85254
 -212.52989 -212.52989
 -212.61676 -212.61676
 -212.99387 -212.99387
 -212.60289 -212.60289
 -213.14372 -213.14372
 -213.10257 -213.10257
 -213.37696 -213.37696
 -212.85669 -212.85669
 -213.00086 -213.00086
 -212.58206 -212.58206
 -213.0729 -213.0729
 -213.31516 -213.31516
 -213.00609 -213.00609
 -213.65677 -213.65677
 -213.02755 -213.02755
 -212.76961 -212.76961
 -213.56455 -213.56455
 -212.51312 -212.51312
 -213.0537 -213.0537
 -212.99773 -212.99773
 -213.22434 -213.22434
 -212.37166 -212.37166
 -212.96696 -212.96696
 -212.33327 -212.33327
 -212.60829 -212.60829
 -213.80127 -213.80127
 -213.16532 -213.16532
 -213.01092 -213.01092
 -213.28165 -213.28165
 -213.17005 -213.17005
 -213.06363 -213.06363
 -212.77454 -212.77454
 -212.85467 -212.85467
 -212.84918 -212.84918
 -213.29013 -213.29013
 -212.79287 -212.79287
 -213.43817 -213.43817
 -213.15191 -213.15191
 -212.71782 -212.71782
 -213.33609 -213.33609
 -212.31568 -212.31568
 -212.90433 -212.90433
 -213.24838 -213.24838
 -212.07546 -212.07546
 -213.11866 -213.11866
 -212.78272 -212.78272
 -213.5976 -213.5976
 -212.55583 -212.55583
 -213.2409 -213.2409
 -213.02201 -213.02201
 -213.05206 -213.05206
 -212.68266 -212.68266
 -212.86948 -212.86948
 -212.36339 -212.36339
 -212.5082 -212.5082
 -213.05364 -213.05364
 -212.65149 -212.65149
 -212.50908 -212.50908
 -212.51998 -212.51998
 -213.37426 -213.37426
 -213.0813 -213.0813
 -212.70151 -212.70151
 -212.78793 -212.78793
 -213.25269 -213.25269
 -213.16212 -213.16212
 -212.88963 -212.88963
 -213.2963 -213.2963
 -213.24087 -213.24087
 -212.97913 -212.97913
 -212.81778 -212.81778
 -212.83651 -212.83651
 -213.81434 -213.81434
 -212.44549 -212.44549
 -213.46843 -213.46843
 -212.90852 -212.90852
 -213.05768 -213.05768
 -212.44802 -212.44802
 -212.70352 -212.70352
 -212.98482 -212.98482
 -213.15938 -213.15938
 -213.48076 -213.48076
 -212.87312 -212.87312
 -213.10054 -213.10054
 -213.15465 -213.15465
 -213.21948 -213.21948
 -212.64682 -212.64682
 -213.90499 -213.90499
 -213.18781 -213.18781
 -213.15839 -213.15839
 -213.50453 -213.50453
 -213.345 -213.345
 -213.57151 -213.57151
 -212.72304 -212.72304
 -212.62255 -212.62255
 -213.99423 -213.99423
 -212.77431 -212.77431
 -213.17427 -213.17427
 -212.49111 -212.49111
 -212.25589 -212.25589
 -212.84177 -212.84177
 -212.68784 -212.68784
 -212.97887 -212.97887
 -213.15708 -213.15708
 -213.00952 -213.00952
 -212.6516 -212.6516
 -213.25042 -213.25042
 -213.06609 -213.06609
 -212.97186 -212.97186
 -212.60532 -212.60532
 -213.17265 -213.17265
 -212.21605 -212.21605
 -212.96446 -212.96446
 -212.91782 -212.91782
 -213.34078 -213.34078
 -213.15299 -213.15299
 -213.23505 -213.23505
 -212.56501 -212.56501
 -213.0913 -213.0913
 -212.673 -212.673
 -212.9647 -212.9647
 -212.58466 -212.58466
 -213.19353 -213.19353
 -212.39245 -212.39245
 -213.55837 -213.55837
 -212.64475 -212.64475
 -213.22362 -213.22362
 -212.7622 -212.7622
 -213.3587 -213.3587
 -212.6918 -212.6918
 -213.09636 -213.09636
 -212.36636 -212.36636
 -212.3373 -212.3373
 -213.18606 -213.18606
 -213.4861 -213.4861
 -213.06036 -213.06036
 -212.79056 -212.79056
 -213.37244 -213.37244
 -212.43602 -212.43602
 -212.77067 -212.77067
 -213.24936 -213.24936
 -213.88393 -213.88393
 -212.82026 -212.82026
 -213.15844 -213.15844
 -212.8444 -212.8444
 -213.36957 -213.36957
 -212.98909 -212.98909
 -213.21917 -213.21917
 -212.83036 -212.83036
 -212.96381 -212.96381
 -212.79012 -212.79012
 -212.58805 -212.58805
 -213.06877 -213.06877
 -212.5172 -212.5172
 -212.78719 -212.78719
 -213.04113 -213.04113
 -212.8604 -212.8604
 -212.82498 -212.82498
 -212.76025 -212.76025
 -213.36483 -213.36483
 -213.36653 -213.36653
 -213.34967 -213.34967
 -213.53359 -213.53359
 -212.94282 -212.94282
 -212.96031 -212.96031
 -213.18796 -213.18796
 -213.25032 -213.25032
 -212.95261 -212.95261
 -213.10788 -213.10788
 -213.61433 -213.61433
 -212.26843 -212.26843
 -212.08776 -212.08776
 -212.71263 -212.71263
 -212.4358 -212.4358
 -213.17026 -213.17026
 -213.12944 -213.12944
 -212.46695 -212.46695
 -213.2529 -213.2529
 -213.07732 -213.07732
 -213.01643 -213.01643
 -212.83181 -212.83181
 -212.30716 -212.30716
 -213.36111 -213.36111
 -213.01956 -213.01956
 -213.19503 -213.19503
 -213.34379 -213.34379
 -212.48662 -212.48662
 -212.72038 -212.72038
 -212.94918 -212.94918
 -212.75638 -212.75638
 -212.25699 -212.25699
 -212.90376 -212.90376
 -212.66309 -212.66309
 -211.96981 -211.96981
 -213.10373 -213.10373
 -213.32428 -213.32428
 -212.6612 -212.6612
 -213.22099 -213.22099
 -212.85967 -212.85967
 -212.71117 -212.71117
 -213.50286 -213.50286
 -212.53615 -212.53615
 -213.13233 -213.13233
 -212.84719 -212.84719
 -213.31981 -213.31981
 -212.08477 -212.08477
 -213.37152 -213.37152
 -213.1146 -213.1146
 -213.69659 -213.69659
 -212.92215 -212.92215
 -213.09897 -213.09897
 -212.48463 -212.48463
 -213.15441 -213.15441
 -212.58795 -212.58795
 -213.37895 -213.37895
 -212.58637 -212.58637
 -213.02645 -213.02645
 -213.50157 -213.50157
 -212.97849 -212.97849
 -212.71566 -212.71566
 -212.99718 -212.99718
 -212.83971 -212.83971
 -213.52771 -213.52771
 -213.1604 -213.1604
 -213.32344 -213.32344
 -212.50782 -212.50782
 -212.53342 -212.53342
 -213.18072 -213.18072
 -212.6939 -212.6939
 -213.11177 -213.11177
 -212.66091 -212.66091
 -213.20704 -213.20704
 -212.76006 -212.76006
 -212.551 -212.551
 -212.72171 -212.72171
 -212.86464 -212.86464
 -212.93229 -212.93229
 -212.81641 -212.81641
 -212.96314 -212.96314
 -213.40194 -213.40194
 -213.55693 -213.55693
 -213.06117 -213.06117
 -212.35239 -212.35239
 -212.77429 -212.77429
 -212.92678 -212.92678
 -212.91023 -212.91023
 -213.79032 -213.79032
 -212.60771 -212.60771
 -213.15102 -213.15102
 -212.6116 -212.6116
 -213.41676 -213.41676
 -212.99074 -212.99074
 -212.99632 -212.99632
 -212.71481 -212.71481
 -213.25078 -213.25078
 -213.16477 -213.16477
 -213.12318 -213.12318
 -212.24041 -212.24041
 -213.59859 -213.59859
 -212.78577 -212.78577
 -212.6184 -212.6184
 -212.94821 -212.94821
 -212.92451 -212.92451
 -213.02556 -213.02556
 -213.04266 -213.04266
 -213.19205 -213.19205
 -212.28398 -212.28398
 -213.05029 -213.05029
 -212.82446 -212.82446
 -212.58423 -212.58423
 -213.50678 -213.50678
 -213.43203 -213.43203
 -213.65112 -213.65112
 -212.67851 -212.67851
 -212.97192 -212.97192
 -213.01464 -213.01464
 -212.81279 -212.81279
 -213.07326 -213.07326
 -213.23875 -213.23875
 -213.60268 -213.60268
 -212.26554 -212.26554
 -213.31519 -213.31519
 -213.31113 -213.31113
 -212.63939 -212.63939
 -213.75953 -213.75953
 -213.39774 -213.39774
 -212.6266 -212.6266
 -212.65299 -212.65299
 -213.43644 -213.43644
 -213.19356 -213.19356
 -212.7197 -212.7197
 -213.40882 -213.40882
 -212.68408 -212.68408
 -213.06021 -213.06021
 -212.72515 -212.72515
 -212.82696 -212.82696
 -212.82833 -212.82833
 -213.37893 -213.37893
 -212.90266 -212.90266
 -212.9668 -212.9668
 -213.01735 -213.01735
 -212.46312 -212.46312
 -213.11432 -213.11432
 -213.78732 -213.78732
 -212.53103 -212.53103
 -213.11339 -213.11339
 -213.04268 -213.04268
 -212.83403 -212.83403
 -212.71633 -212.71633
 -213.42592 -213.42592
 -212.41334 -212.41334
 -213.45217 -213.45217
 -213.72104 -213.72104
 -212.88882 -212.88882
 -213.06332 -213.06332
 -213.24197 -213.24197
 -213.38735 -213.38735
 -212.66674 -212.66674
 -212.45124 -212.45124
 -212.98037 -212.98037
 -212.96952 -212.96952
 -212.69536 -212.69536
 -213.28121 -213.28121
 -212.30873 -212.30873
 -213.04642 -213.04642
 -212.38403 -212.38403
 -213.14571 -213.14571
 -212.9332 -212.9332
 -213.22643 -213.22643
 -212.32875 -212.32875
 -213.53776 -213.53776
 -212.75343 -212.75343
 -213.46271 -213.46271
 -212.84107 -212.84107
 -212.71111 -212.71111
 -212.91144 -212.91144
 -213.45249 -213.45249
 -212.8436 -212.8436
 -213.51459 -213.51459
 -212.77726 -212.77726
 -213.28891 -213.28891
 -213.09539 -213.09539
 -212.34502 -212.34502
 -212.85588 -212.85588
 -212.59667 -212.59667
 -213.04085 -213.04085
 -213.59224 -213.59224
 -212.75835 -212.75835
 -213.58135 -213.58135
 -213.35822 -213.35822
 -213.04161 -213.04161
 -213.60767 -213.60767
 -213.30811 -213.30811
 -212.35688 -212.35688
 -213.0107 -213.0107
 -212.87241 -212.87241
 -213.15914 -213.15914
 -213.13403 -213.13403
 -212.23881 -212.23881
 -213.26085 -213.26085
 -212.26786 -212.26786
 -213.02612 -213.02612
 -212.47743 -212.47743
 -213.23204 -213.23204
 -212.66364 -212.66364
 -213.11098 -213.11098
 -212.67069 -212.67069
 -213.26114 -213.26114
 -212.54728 -212.54728
 -212.88679 -212.88679
 -213.23141 -213.23141
 -212.93752 -212.93752
 -213.18922 -213.18922
 -212.76801 -212.76801
 -212.97696 -212.97696
 -213.39625 -213.39625
 -212.97996 -212.97996
 -212.87539 -212.87539
 -213.20943 -213.20943
 -213.3892 -213.3892
 -212.4222 -212.4222
 -213.42114 -213.42114
 -212.46048 -212.46048
 -212.71902 -212.71902
 -212.10074 -212.10074
 -213.22153 -213.22153
 -213.13896 -213.13896
 -213.44963 -213.44963
 -212.52523 -212.52523
 -212.33598 -212.33598
 -213.02951 -213.02951
 -212.96556 -212.96556
 -213.7013 -213.7013
 -212.55349 -212.55349
 -213.04362 -213.04362
 -212.7445 -212.7445
 -212.41182 -212.41182
 -213.49413 -213.49413
 -212.84774 -212.84774
 -213.264 -213.264
 -213.13089 -213.13089
 -213.29496 -213.29496
 -212.9702 -212.9702
 -212.89194 -212.89194
 -212.84936 -212.84936
 -213.20037 -213.20037
 -212.96323 -212.96323
 -213.42435 -213.42435
 -213.41927 -213.41927
 -213.17291 -213.17291
 -213.14416 -213.14416
 -212.88917 -212.88917
 -212.94963 -212.94963
 -213.53354 -213.53354
 -212.7088 -212.7088
 -212.83294 -212.83294
 -213.02272 -213.02272
 -212.43247 -212.43247
 -213.20831 -213.20831
 -212.76858 -212.76858
 -213.62827 -213.62827
 -212.50196 -212.50196
 -213.29869 -213.29869
 -213.03272 -213.03272
 -213.55067 -213.55067
 -212.62271 -212.62271
 -213.16857 -213.16857
 -213.14561 -213.14561
 -212.20836 -212.20836
 -212.82957 -212.82957
 -212.38056 -212.38056
 -212.81593 -212.81593
 -213.0394 -213.0394
 -212.98113 -212.98113
 -212.56076 -212.56076
 -213.51925 -213.51925
 -212.71743 -212.71743
 -213.60675 -213.60675
 -212.67218 -212.67218
 -213.23476 -213.23476
 -213.09133 -213.09133
 -212.79885 -212.79885
 -213.03638 -213.03638
 -212.68691 -212.68691
 -212.48768 -212.48768
 -212.9031 -212.9031
 -211.58625 -211.58625
 -212.91966 -212.91966
 -213.40475 -213.40475
 -213.38316 -213.38316
 -213.13648 -213.13648
 -212.78801 -212.78801
 -212.81496 -212.81496
 -212.74262 -212.74262
 -212.80031 -212.80031
 -213.60928 -213.60928
 -213.3296 -213.3296
 -212.68618 -212.68618
 -214.08765 -214.08765
 -213.57529 -213.57529
 -213.43187 -213.43187
 -212.34324 -212.34324
 -213.17009 -213.17009
 -213.16684 -213.16684
 -212.84257 -212.84257
 -212.6639 -212.6639
 -212.7475 -212.7475
 -212.46138 -212.46138
 -213.66525 -213.66525
 -212.96846 -212.96846
 -212.88542 -212.88542
 -213.2935 -213.2935
 -212.2136 -212.2136
 -212.80732 -212.80732
 -213.38302 -213.38302
 -213.29486 -213.29486
 -212.82089 -212.82089
 -212.53815 -212.53815
 -213.16126 -213.16126
 -212.60693 -212.60693
 -213.61333 -213.61333
 -213.08311 -213.08311
 -213.13826 -213.13826
 -212.53474 -212.53474
 -212.69748 -212.69748
 -213.1168 -213.1168
 -213.14298 -213.14298
 -213.14275 -213.14275
 -212.66029 -212.66029
 -213.46419 -213.46419
 -211.9738 -211.9738
 -213.18992 -213.18992
 -213.42829 -213.42829
 -213.18767 -213.18767
 -213.36796 -213.36796
 -212.78841 -212.78841
 -213.41181 -213.41181
 -212.76625 -212.76625
 -213.44653 -213.44653
 -212.46271 -212.46271
 -212.92057 -212.92057
 -212.95051 -212.95051
 -212.90134 -212.90134
 -212.91577 -212.91577
 -212.89126 -212.89126
 -213.08705 -213.08705
 -212.71905 -212.71905
 -213.14681 -213.14681
 -213.15962 -213.15962
 -213.21704 -213.21704
 -212.88311 -212.88311
 -212.84148 -212.84148
 -213.17951 -213.17951
 -212.92305 -212.92305
 -213.05677 -213.05677
 -212.82186 -212.82186
 -213.01485 -213.01485
 -213.05946 -213.05946
 -212.70895 -212.70895
 -212.76664 -212.76664
 -213.56659 -213.56659
 -212.87733 -212.87733
 -212.8692 -212.8692
 -212.90531 -212.90531
 -212.73783 -212.73783
 -213.40483 -213.40483
 -212.80829 -212.80829
 -213.00468 -213.00468
 -212.86924 -212.86924
 -213.02506 -213.02506
 -213.40236 -213.40236
 -212.70011 -212.70011
 -213.36497 -213.36497
 -212.79563 -212.79563
 -212.73334 -212.73334
 -212.81816 -212.81816
 -213.041 -213.041
 -212.15034 -212.15034
 -213.14959 -213.14959
 -213.50388 -213.50388
 -212.13413 -212.13413
 -212.93586 -212.93586
 -212.32851 -212.32851
 -212.76323 -212.76323
 -213.4437 -213.4437
 -212.98369 -212.98369
 -213.32346 -213.32346
 -213.46178 -213.46178
 -212.71614 -212.71614
 -213.20522 -213.20522
 -212.41646 -212.41646
 -213.25555 -213.25555
 -213.23835 -213.23835
 -213.39288 -213.39288
 -212.97145 -212.97145
 -212.84991 -212.84991
 -213.04042 -213.04042
 -212.29379 -212.29379
 -213.15745 -213.15745
 -212.29269 -212.29269
 -212.96093 -212.96093
 -212.32491 -212.32491
 -213.53864 -213.53864
 -212.33931 -212.33931
 -213.43388 -213.43388
 -212.86067 -212.86067
 -212.74224 -212.74224
 -212.89005 -212.89005
 -212.83333 -212.83333
 -213.20111 -213.20111
 -213.19369 -213.19369
 -212.94437 -212.94437
 -213.4444 -213.4444
 -213.37881 -213.37881
 -212.59107 -212.59107
 -213.03127 -213.03127
 -213.45477 -213.45477
 -212.89203 -212.89203
 -213.14399 -213.14399
 -212.7645 -212.7645
 -212.89843 -212.89843
 -213.85514 -213.85514
 -212.57804 -212.57804
 -213.49615 -213.49615
 -212.76887 -212.76887
 -213.34583 -213.34583
 -213.32616 -213.32616
 -213.43716 -213.43716
 -212.57331 -212.57331
 -212.92952 -212.92952
 -212.00443 -212.00443
 -212.86744 -212.86744
 -212.8418 -212.8418
 -213.08794 -213.08794
 -212.49284 -212.49284
 -213.36287 -213.36287
 -212.7393 -212.7393
 -212.45331 -212.45331
 -212.89482 -212.89482
 -212.87226 -212.87226
 -212.76086 -212.76086
 -213.00561 -213.00561
 -212.39414 -212.39414
 -212.96059 -212.96059
 -212.50649 -212.50649
 -213.11844 -213.11844
 -212.56647 -212.56647
 -212.56984 -212.56984
 -212.57004 -212.57004
 -213.12773 -213.12773
 -212.41682 -212.41682
 -212.76446 -212.76446
 -213.74919 -213.74919
 -212.52007 -212.52007
 -212.88493 -212.88493
 -213.3605 -213.3605
 -212.82744 -212.82744
 -212.68911 -212.68911
 -212.68319 -212.68319
 -212.6452 -212.6452
 -213.28681 -213.28681
 -211.87549 -211.87549
 -212.784 -212.784
 -212.71859 -212.71859
 -213.0654 -213.0654
 -212.42932 -212.42932
 -213.11666 -213.11666
 -213.18364 -213.18364
 -212.34632 -212.34632
 -213.19099 -213.19099
 -212.56788 -212.56788
 -213.322 -213.322
 -212.65395 -212.65395
 -212.96716 -212.96716
 -213.09161 -213.09161
 -213.46442 -213.46442
 -213.21455 -213.21455
 -213.32183 -213.32183
 -212.34509 -212.34509
 -213.04579 -213.04579
 -212.75931 -212.75931
 -213.19682 -213.19682
 -213.08008 -213.08008
 -212.9429 -212.9429
 -212.6695 -212.6695
 -212.71382 -212.71382
 -212.84321 -212.84321
 -213.22482 -213.22482
 -212.97622 -212.97622
 -212.98153 -212.98153
 -212.82867 -212.82867
 -212.65673 -212.65673
 -213.23746 -213.23746
 -212.37794 -212.37794
 -213.25393 -213.25393
 -212.75074 -212.75074
 -212.86491 -212.86491
 -213.34344 -213.34344
 -212.60635 -212.60635
 -213.06812 -213.06812
 -212.70891 -212.70891
 -213.15398 -213.15398
 -212.00572 -212.00572
 -212.79244 -212.79244
 -213.23189 -213.23189
 -213.82701 -213.82701
 -212.91442 -212.91442
 -213.11182 -213.11182
 -213.74457 -213.74457
 -213.29294 -213.29294
 -213.07319 -213.07319
 -212.64159 -212.64159
 -212.74273 -212.74273
 -213.05349 -213.05349
 -213.12708 -213.12708
 -212.43241 -212.43241
 -213.18773 -213.18773
 -212.79716 -212.79716
 -212.75983 -212.75983
 -212.72301 -212.72301
 -212.81897 -212.81897
 -212.98945 -212.98945
 -212.90885 -212.90885
 -212.9248 -212.9248
 -212.84909 -212.84909
 -213.20516 -213.20516
 -212.6444 -212.6444
 -213.63068 -213.63068
 -213.09677 -213.09677
 -213.36375 -213.36375
 -212.36811 -212.36811
 -212.95282 -212.95282
 -213.0636 -213.0636
 -213.39943 -213.39943
 -212.52176 -212.52176
 -213.04112 -213.04112
 -213.15017 -213.15017
 -212.91776 -212.91776
 -213.76746 -213.76746
 -213.60777 -213.60777
 -213.30689 -213.30689
 -211.98443 -211.98443
 -213.27364 -213.27364
 -213.04177 -213.04177
 -212.80922 -212.80922
 -213.37754 -213.37754
 -212.84667 -212.84667
 -213.51921 -213.51921
 -212.61186 -212.61186
 -213.28881 -213.28881
 -212.8098 -212.8098
 -213.17116 -213.17116
 -213.08625 -213.08625
 -213.18088 -213.18088
 -213.08774 -213.08774
 -213.16956 -213.16956
 -213.68822 -213.68822
 -212.28084 -212.28084
 -212.95432 -212.95432
 -213.03556 -213.03556
 -212.45838 -212.45838
 -213.1792 -213.1792
 -212.81814 -212.81814
 -213.19607 -213.19607
 -212.52035 -212.52035
 -212.89285 -212.89285
 -212.82324 -212.82324
 -213.15758 -213.15758
 -212.947 -212.947
 -213.11765 -213.11765
 -213.3482 -213.3482
 -212.56542 -212.56542
 -213.10925 -213.10925
 -212.83157 -212.83157
 -212.42487 -212.42487
 -213.02514 -213.02514
 -212.88658 -212.88658
 -213.04334 -213.04334
 -212.80461 -212.80461
 -212.94576 -212.94576
 -212.98565 -212.98565
 -213.29533 -213.29533
 -213.14801 -213.14801
 -213.32105 -213.32105
 -212.92064 -212.92064
 -212.7312 -212.7312
 -212.63805 -212.63805
 -212.92204 -212.92204
 -213.2282 -213.2282
 -213.15371 -213.15371
 -213.44408 -213.44408
 -212.88764 -212.88764
 -213.06425 -213.06425
 -212.7431 -212.7431
 -212.73355 -212.73355
 -212.82152 -212.82152
 -212.21299 -212.21299
 -212.66567 -212.66567
 -213.12822 -213.12822
 -212.53208 -212.53208
 -212.55899 -212.55899
 -213.02411 -213.02411
 -213.13542 -213.13542
 -212.76582 -212.76582
 -212.84829 -212.84829
 -212.98473 -212.98473
 -213.46503 -213.46503
 -212.8554 -212.8554
 -212.89562 -212.89562
 -212.65268 -212.65268
 -212.72524 -212.72524
 -212.45367 -212.45367
 -212.73554 -212.73554
 -213.20754 -213.20754
 -212.18395 -212.18395
 -213.03437 -213.03437
 -212.59706 -212.59706
 -213.19711 -213.19711
 -212.68338 -212.68338
 -212.77074 -212.77074
 -212.90058 -212.90058
 -212.84291 -212.84291
 -212.75455 -212.75455
 -212.352 -212.352
 -213.43781 -213.43781
 -213.25604 -213.25604
 -213.01493 -213.01493
 -212.78228 -212.78228
 -213.09189 -213.09189
 -212.43694 -212.43694
 -212.7313 -212.7313
 -212.60955 -212.60955
 -213.24013 -213.24013
 -212.52605 -212.52605
 -213.13195 -213.13195
 -212.95239 -212.95239
 -212.64354 -212.64354
 -213.486 -213.486
 -212.99765 -212.99765
 -213.22146 -213.22146
 -212.99826 -212.99826
 -212.74064 -212.74064
 -212.84233 -212.84233
 -213.1692 -213.1692
 -212.82032 -212.82032
 -213.31612 -213.31612
 -213.2014 -213.2014
 -213.14323 -213.14323
 -212.21401 -212.21401
 -212.75442 -212.75442
 -212.38429 -212.38429
 -213.13868 -213.13868
 -213.10874 -213.10874
 -213.48239 -213.48239
 -212.69971 -212.69971
 -213.22081 -213.22081
 -213.05048 -213.05048
 -212.59214 -212.59214
 -212.35516 -212.35516
 -213.14724 -213.14724
 -212.90672 -212.90672
 -213.19923 -213.19923
 -213.26189 -213.26189
 -213.25463 -213.25463
 -212.99835 -212.99835
 -213.6195 -213.6195
 -213.19593 -213.19593
 -213.13365 -213.13365
 -212.9687 -212.9687
 -213.01039 -213.01039
 -212.54162 -212.54162
 -212.65245 -212.65245
 -212.89776 -212.89776
 -213.3863 -213.3863
 -212.70249 -212.70249
 -212.89077 -212.89077
 -212.70029 -212.70029
 -212.93412 -212.93412
 -213.13199 -213.13199
 -212.78208 -212.78208
 -213.42936 -213.42936
 -212.67528 -212.67528
 -213.08627 -213.08627
 -212.77357 -212.77357
 -212.92986 -212.92986
 -213.3583 -213.3583
 -213.0956 -213.0956
 -212.45007 -212.45007
 -213.08757 -213.08757
 -212.76638 -212.76638
 -213.09445 -213.09445
 -213.05489 -213.05489
 -212.83376 -212.83376
 -213.22127 -213.22127
 -212.7787 -212.7787
 -213.11816 -213.11816
 -213.04957 -213.04957
 -212.67886 -212.67886
 -213.03224 -213.03224
 -212.78048 -212.78048
 -212.78076 -212.78076
 -212.75598 -212.75598
 -213.47474 -213.47474
 -212.39488 -212.39488
 -213.05779 -213.05779
 -213.05067 -213.05067
 -213.73574 -213.73574
 -212.56128 -212.56128
 -213.04282 -213.04282
 -212.33192 -212.33192
 -213.47085 -213.47085
 -213.32141 -213.32141
 -212.99279 -212.99279
 -212.9846 -212.9846
 -213.64275 -213.64275
 -212.8815 -212.8815
 -212.87529 -212.87529
 -212.43361 -212.43361
 -213.15667 -213.15667
 -213.18209 -213.18209
 -213.17429 -213.17429
 -212.82775 -212.82775
 -213.33911 -213.33911
 -212.7033 -212.7033
 -213.1854 -213.1854
 -212.9487 -212.9487
 -211.84935 -211.84935
 -212.91341 -212.91341
 -212.87318 -212.87318
 -213.17298 -213.17298
 -213.25392 -213.25392
 -212.805 -212.805
 -212.90377 -212.90377
 -212.19159 -212.19159
 -213.27976 -213.27976
 -212.83548 -212.83548
 -213.13381 -213.13381
 -213.12374 -213.12374
 -212.6801 -212.6801
 -213.3922 -213.3922
 -212.9617 -212.9617
 -212.94419 -212.94419
 -212.25369 -212.25369
 -213.47715 -213.47715
 -213.33797 -213.33797
 -212.60832 -212.60832
 -212.67496 -212.67496
 -213.25566 -213.25566
 -212.37567 -212.37567
 -213.28931 -213.28931
 -212.54444 -212.54444
 -212.41863 -212.41863
 -212.99015 -212.99015
 -212.99431 -212.99431
 -213.52246 -213.52246
 -212.2367 -212.2367
 -213.36438 -213.36438
 -212.60988 -212.60988
 -213.30863 -213.30863
 -213.21583 -213.21583
 -213.35815 -213.35815
 -212.01987 -212.01987
 -213.23799 -213.23799
 -212.70376 -212.70376
 -213.15982 -213.15982
 -212.91982 -212.91982
 -212.80645 -212.80645
 -212.77488 -212.77488
 -212.99361 -212.99361
 -213.36036 -213.36036
 -212.65376 -212.65376
 -213.17508 -213.17508
 -213.21744 -213.21744
 -213.21578 -213.21578
 -212.66276 -212.66276
 -213.11628 -213.11628
 -212.77028 -212.77028
 -213.51677 -213.51677
 -212.70456 -212.70456
 -213.16786 -213.16786
 -212.64566 -212.64566
 -213.59325 -213.59325
 -212.9589 -212.9589
 -213.32993 -213.32993
 -212.63537 -212.63537
 -213.41236 -213.41236
 -212.38457 -212.38457
 -213.53698 -213.53698
 -212.92194 -212.92194
 -213.23736 -213.23736
 -212.61013 -212.61013
 -212.76849 -212.76849
 -212.53835 -212.53835
 -212.64059 -212.64059
 -212.99462 -212.99462
 -212.67222 -212.67222
 -213.1368 -213.1368
 -212.65711 -212.65711
 -213.40012 -213.40012
 -212.79665 -212.79665
 -213.48364 -213.48364
 -212.76298 -212.76298
 -212.64424 -212.64424
 -212.19464 -212.19464
 -213.45137 -213.45137
 -212.78752 -212.78752
 -213.10819 -213.10819
 -212.84675 -212.84675
 -212.99089 -212.99089
 -212.84749 -212.84749
 -213.09027 -213.09027
 -213.10497 -213.10497
 -212.81441 -212.81441
 -213.13016 -213.13016
 -212.90688 -212.90688
 -212.56945 -212.56945
 -212.5013 -212.5013
 -213.36981 -213.36981
 -212.74959 -212.74959
 -212.3772 -212.3772
 -213.07839 -213.07839
 -212.37584 -212.37584
 -213.1074 -213.1074
 -213.70198 -213.70198
 -212.75612 -212.75612
 -213.5891 -213.5891
 -212.22701 -212.22701
 -212.75776 -212.75776
 -213.40923 -213.40923
 -212.66842 -212.66842
 -213.1476 -213.1476
 -213.17859 -213.17859
 -213.01485 -213.01485
 -212.93017 -212.93017
 -213.03128 -213.03128
 -212.63172 -212.63172
 -212.74983 -212.74983
 -212.84047 -212.84047
 -213.23572 -213.23572
 -212.88375 -212.88375
 -213.14743 -213.14743
 -212.68252 -212.68252
 -212.43945 -212.43945
 -212.16606 -212.16606
 -212.48479 -212.48479
 -212.63795 -212.63795
 -213.18465 -213.18465
 -212.72106 -212.72106
 -213.12938 -213.12938
 -213.09723 -213.09723
 -212.49119 -212.49119
 -213.10524 -213.10524
 -213.02467 -213.02467
 -213.08233 -213.08233
 -212.61416 -212.61416
 -213.50876 -213.50876
 -212.51653 -212.51653
 -213.16498 -213.16498
 -213.02144 -213.02144
 -213.57488 -213.57488
 -212.66968 -212.66968
 -213.01916 -213.01916
 -213.05337 -213.05337
 -213.32318 -213.32318
 -213.00003 -213.00003
 -212.9667 -212.9667
 -213.01923 -213.01923
 -212.78859 -212.78859
 -213.37477 -213.37477
 -212.95619 -212.95619
 -213.08574 -213.08574
 -212.80595 -212.80595
 -213.25155 -213.25155
 -212.49661 -212.49661
 -213.19054 -213.19054
 -212.66412 -212.66412
 -212.67612 -212.67612
 -212.48587 -212.48587
 -212.71067 -212.71067
 -213.05116 -213.05116
 -213.40338 -213.40338
 -212.57779 -212.57779
 -212.99524 -212.99524
 -212.68514 -212.68514
 -212.45033 -212.45033
 -213.03075 -213.03075
 -212.75008 -212.75008
 -213.78634 -213.78634
 -212.70697 -212.70697
 -213.53393 -213.53393
 -213.04861 -213.04861
 -213.31047 -213.31047
 -213.43698 -213.43698
 -213.33771 -213.33771
 -212.99851 -212.99851
 -212.9179 -212.9179
 -213.22394 -213.22394
 -212.93126 -212.93126
 -212.35498 -212.35498
 -213.66001 -213.66001
 -212.52154 -212.52154
 -213.02927 -213.02927
 -212.88974 -212.88974
 -213.26812 -213.26812
 -212.66914 -212.66914
 -212.97974 -212.97974
 -213.19669 -213.19669
 -213.61712 -213.61712
 -212.75864 -212.75864
 -212.99255 -212.99255
 -212.75177 -212.75177
 -212.81622 -212.81622
 -212.83879 -212.83879
 -213.33063 -213.33063
 -212.67192 -212.67192
 -213.07127 -213.07127
 -213.57521 -213.57521
 -212.59097 -212.59097
 -213.7338 -213.7338
 -212.69345 -212.69345
 -213.55335 -213.55335
 -213.31053 -213.31053
 -213.08251 -213.08251
 -212.79722 -212.79722
 -212.69097 -212.69097
 -212.50336 -212.50336
 -212.47481 -212.47481
 -212.62872 -212.62872
 -212.63635 -212.63635
 -212.46655 -212.46655
 -212.35507 -212.35507
 -212.90259 -212.90259
 -213.43066 -213.43066
 -213.09224 -213.09224
 -212.84065 -212.84065
 -213.35806 -213.35806
 -212.35627 -212.35627
 -213.3173 -213.3173
 -212.40348 -212.40348
 -212.82578 -212.82578
 -212.92157 -212.92157
 -212.97617 -212.97617
 -212.6717 -212.6717
 -213.15389 -213.15389
 -212.97082 -212.97082
 -212.8894 -212.8894
 -212.60259 -212.60259
 -213.212 -213.212
 -213.0239 -213.0239
 -213.18562 -213.18562
 -212.71153 -212.71153
 -213.23062 -213.23062
 -212.92709 -212.92709
 -213.45426 -213.45426
 -212.89371 -212.89371
 -212.55861 -212.55861
 -212.94934 -212.94934
 -212.85725 -212.85725
 -213.01236 -213.01236
 -212.89734 -212.89734
 -213.04009 -213.04009
 -212.27048 -212.27048
 -212.67834 -212.67834
 -212.67044 -212.67044
 -212.67333 -212.67333
 -213.38747 -213.38747
 -213.20232 -213.20232
 -213.17165 -213.17165
 -213.15424 -213.15424
 -213.06305 -213.06305
 -212.37021 -212.37021
 -213.17869 -213.17869
 -212.54989 -212.54989
 -213.34877 -213.34877
 -211.96296 -211.96296
 -212.91147 -212.91147
 -213.06239 -213.06239
 -212.89299 -212.89299
 -213.21135 -213.21135
 -212.31222 -212.31222
 -212.99322 -212.99322
 -212.14838 -212.14838
 -212.76998 -212.76998
 -213.62804 -213.62804
 -212.96033 -212.96033
 -212.75401 -212.75401
 -213.20962 -213.20962
 -213.15721 -213.15721
 -212.49363 -212.49363
 -213.36588 -213.36588
 -211.9051 -211.9051
 -213.03274 -213.03274
 -212.94311 -212.94311
 -213.41581 -213.41581
 -212.8034 -212.8034
 -212.79708 -212.79708
 -213.39735 -213.39735
 -212.3073 -212.3073
 -213.25133 -213.25133
 -212.75576 -212.75576
 -212.965 -212.965
 -212.47476 -212.47476
 -213.02508 -213.02508
 -212.76367 -212.76367
 -213.00427 -213.00427
 -212.45201 -212.45201
 -212.3972 -212.3972
 -212.11887 -212.11887
 -213.50711 -213.50711
 -212.95112 -212.95112
 -212.79569 -212.79569
 -212.78291 -212.78291
 -213.11212 -213.11212
 -212.38235 -212.38235
 -212.99209 -212.99209
 -212.75505 -212.75505
 -212.691 -212.691
 -212.7371 -212.7371
 -213.11325 -213.11325
 -212.84643 -212.84643
 -212.70031 -212.70031
 -212.85083 -212.85083
 -212.8082 -212.8082
 -211.5537 -211.5537
 -212.78675 -212.78675
 -212.87752 -212.87752
 -213.48277 -213.48277
 -212.69533 -212.69533
 -212.81806 -212.81806
 -213.04299 -213.04299
 -212.43333 -212.43333
 -212.49759 -212.49759
 -213.01717 -213.01717
 -212.59389 -212.59389
 -213.30095 -213.30095
 -212.97066 -212.97066
 -212.98821 -212.98821
 -212.90676 -212.90676
 -213.67118 -213.67118
 -212.83571 -212.83571
 -213.40786 -213.40786
 -213.00249 -213.00249
 -213.0411 -213.0411
 -212.4605 -212.4605
 -213.33752 -213.33752
 -213.42435 -213.42435
 -212.49803 -212.49803
 -212.95692 -212.95692
 -212.4097 -212.4097
 -212.97637 -212.97637
 -213.58434 -213.58434
 -213.04931 -213.04931
 -212.73898 -212.73898
 -213.12776 -213.12776
 -212.32413 -212.32413
 -213.03893 -213.03893
 -212.67914 -212.67914
 -213.06479 -213.06479
 -213.23682 -213.23682
 -212.26497 -212.26497
 -212.96656 -212.96656
 -213.04102 -213.04102
 -212.60257 -212.60257
 -213.20147 -213.20147
 -213.57608 -213.57608
 -212.80305 -212.80305
 -213.27527 -213.27527
 -212.42133 -212.42133
 -212.33441 -212.33441
 -212.95721 -212.95721
 -212.55552 -212.55552
 -212.72752 -212.72752
 -212.88855 -212.88855
 -212.7451 -212.7451
 -212.26767 -212.26767
 -212.78318 -212.78318
 -212.94844 -212.94844
 -212.54399 -212.54399
 -212.0775 -212.0775
 -212.95731 -212.95731
 -212.52964 -212.52964
 -213.21877 -213.21877
 -212.87495 -212.87495
 -212.85794 -212.85794
 -213.04283 -213.04283
 -213.38544 -213.38544
 -213.18704 -213.18704
 -213.17693 -213.17693
 -211.95354 -211.95354
 -213.207 -213.207
 -212.75587 -212.75587
 -213.02584 -213.02584
 -213.33051 -213.33051
 -213.45945 -213.45945
 -213.14718 -213.14718
 -213.01373 -213.01373
 -212.81595 -212.81595
 -213.02745 -213.02745
 -213.04741 -213.04741
 -212.87192 -212.87192
 -212.43247 -212.43247
 -212.84604 -212.84604
 -213.6601 -213.6601
 -212.68112 -212.68112
 -213.09174 -213.09174
 -213.04262 -213.04262
 -213.04319 -213.04319
 -212.78725 -212.78725
 -212.53702 -212.53702
 -212.91756 -212.91756
 -213.18183 -213.18183
 -213.25756 -213.25756
 -213.17592 -213.17592
 -213.00712 -213.00712
 -213.35016 -213.35016
 -212.8013 -212.8013
 -213.09717 -213.09717
 -212.60034 -212.60034
 -212.86635 -212.86635
 -213.28148 -213.28148
 -212.74955 -212.74955
 -212.95889 -212.95889
 -212.43961 -212.43961
 -213.11247 -213.11247
 -213.13684 -213.13684
 -213.26233 -213.26233
 -212.63771 -212.63771
 -213.28385 -213.28385
 -213.18883 -213.18883
 -212.79889 -212.79889
 -213.41133 -213.41133
 -212.72229 -212.72229
 -213.17051 -213.17051
 -213.2384 -213.2384
 -212.99279 -212.99279
 -213.25305 -213.25305
 -213.38809 -213.38809
 -212.9317 -212.9317
 -213.24907 -213.24907
 -212.69709 -212.69709
 -212.57415 -212.57415
 -212.93125 -212.93125
 -213.21334 -213.21334
 -212.87689 -212.87689
 -213.05077 -213.05077
 -213.40974 -213.40974
 -212.6144 -212.6144
 -212.62775 -212.62775
 -212.65176 -212.65176
 -213.05405 -213.05405
 -212.65504 -212.65504
 -212.90469 -212.90469
 -212.65479 -212.65479
 -213.16734 -213.16734
 -213.35402 -213.35402
 -213.39428 -213.39428
 -212.66955 -212.66955
 -211.98392 -211.98392
 -212.58542 -212.58542
 -213.40582 -213.40582
 -212.73967 -212.73967
 -213.44825 -213.44825
 -213.10789 -213.10789
 -212.93176 -212.93176
 -212.88612 -212.88612
 -213.11702 -213.11702
 -213.23182 -213.23182
 -211.9641 -211.9641
 -212.31209 -212.31209
 -213.02075 -213.02075
 -213.58416 -213.58416
 -212.81381 -212.81381
 -213.48693 -213.48693
 -212.79338 -212.79338
 -212.73352 -212.73352
 -212.86386 -212.86386
 -213.69383 -213.69383
 -213.31793 -213.31793
 -213.28207 -213.28207
 -212.96849 -212.96849
 -212.67312 -212.67312
 -213.06851 -213.06851
 -213.62841 -213.62841
 -213.08812 -213.08812
 -213.39347 -213.39347
 -213.04543 -213.04543
 -213.34335 -213.34335
 -212.06962 -212.06962
 -212.70283 -212.70283
 -212.64519 -212.64519
 -213.14717 -213.14717
 -213.46045 -213.46045
 -212.9755 -212.9755
 -213.19062 -213.19062
 -213.00425 -213.00425
 -213.00343 -213.00343
 -213.4265 -213.4265
 -212.50698 -212.50698
 -213.60967 -213.60967
 -212.97065 -212.97065
 -213.31784 -213.31784
 -212.39559 -212.39559
 -213.12172 -213.12172
 -212.72932 -212.72932
 -212.79854 -212.79854
 -212.29863 -212.29863
 -212.91385 -212.91385
 -213.00986 -213.00986
 -213.39389 -213.39389
 -212.79894 -212.79894
 -213.47033 -213.47033
 -212.58538 -212.58538
 -212.79762 -212.79762
 -212.52512 -212.52512
 -213.06553 -213.06553
 -213.0602 -213.0602
 -213.17073 -213.17073
 -213.85981 -213.85981
 -213.02214 -213.02214
 -213.26108 -213.26108
 -213.13548 -213.13548
 -213.11508 -213.11508
 -212.77488 -212.77488
 -213.269 -213.269
 -212.67587 -212.67587
 -213.57041 -213.57041
 -213.27835 -213.27835
 -212.3502 -212.3502
 -212.86746 -212.86746
 -213.39554 -213.39554
 -212.64705 -212.64705
 -213.90628 -213.90628
 -212.59009 -212.59009
 -213.23837 -213.23837
 -212.81197 -212.81197
 -212.53368 -212.53368
 -212.97604 -212.97604
 -213.35993 -213.35993
 -212.80865 -212.80865
 -213.04184 -213.04184
 -211.9984 -211.9984
 -212.83058 -212.83058
 -212.51249 -212.51249
 -213.07504 -213.07504
 -212.78598 -212.78598
 -212.87666 -212.87666
 -212.8701 -212.8701
 -213.38037 -213.38037
 -212.82262 -212.82262
 -213.40171 -213.40171
 -212.48913 -212.48913
 -213.4856 -213.4856
 -213.07078 -213.07078
 -212.54104 -212.54104
 -212.51144 -212.51144
 -212.8264 -212.8264
 -212.72457 -212.72457
 -213.41391 -213.41391
 -212.85986 -212.85986
 -212.72893 -212.72893
 -212.84403 -212.84403
 -213.1548 -213.1548
 -212.93617 -212.93617
 -212.65041 -212.65041
 -212.61004 -212.61004
 -212.79065 -212.79065
 -212.73777 -212.73777
 -213.08658 -213.08658
 -213.5216 -213.5216
 -213.19082 -213.19082
 -213.48009 -213.48009
 -212.58024 -212.58024
 -213.00546 -213.00546
 -212.47008 -212.47008
 -213.08203 -213.08203
 -213.02531 -213.02531
 -212.63723 -212.63723
 -213.08515 -213.08515
 -212.9834 -212.9834
 -212.73348 -212.73348
 -212.7215 -212.7215
 -213.02586 -213.02586
 -212.37051 -212.37051
 -212.9636 -212.9636
 -213.20756 -213.20756
 -213.09966 -213.09966
 -213.18012 -213.18012
 -213.14906 -213.14906
 -213.02668 -213.02668
 -212.72821 -212.72821
 -213.38123 -213.38123
 -212.83897 -212.83897
 -213.55293 -213.55293
 -213.12483 -213.12483
 -213.08823 -213.08823
 -212.79188 -212.79188
 -212.53505 -212.53505
 -213.21496 -213.21496
 -212.73029 -212.73029
 -212.83225 -212.83225
 -212.78065 -212.78065
 -213.14904 -213.14904
 -213.46734 -213.46734
 -212.92284 -212.92284
 -212.6318 -212.6318
 -212.879 -212.879
 -212.72848 -212.72848
 -212.33701 -212.33701
 -212.49711 -212.49711
 -212.72516 -212.72516
 -213.2772 -213.2772
 -212.74712 -212.74712
 -213.04821 -213.04821
 -212.79342 -212.79342
 -213.41208 -213.41208
 -213.18324 -213.18324
 -213.10696 -213.10696
 -212.62325 -212.62325
 -213.22718 -213.22718
 -212.78853 -212.78853
 -213.2895 -213.2895
 -212.91951 -212.91951
 -213.25669 -213.25669
 -212.94053 -212.94053
 -213.13553 -213.13553
 -213.35715 -213.35715
 -213.43188 -213.43188
 -213.00279 -213.00279
 -213.28446 -213.28446
 -213.27612 -213.27612
 -212.83677 -212.83677
 -213.67075 -213.67075
 -212.05148 -212.05148
 -212.99684 -212.99684
 -213.03601 -213.03601
 -213.36405 -213.36405
 -211.9015 -211.9015
 -213.13854 -213.13854
 -212.69252 -212.69252
 -213.70907 -213.70907
 -213.27703 -213.27703
 -212.97241 -212.97241
 -213.05364 -213.05364
 -212.77287 -212.77287
 -212.48636 -212.48636
 -211.90404 -211.90404
 -212.83846 -212.83846
 -212.83683 -212.83683
 -213.05078 -213.05078
 -213.13019 -213.13019
 -213.09429 -213.09429
 -212.97415 -212.97415
 -212.95856 -212.95856
 -213.32304 -213.32304
 -212.99721 -212.99721
 -212.93471 -212.93471
 -213.53641 -213.53641
 -212.55251 -212.55251
 -213.64683 -213.64683
 -213.24255 -213.24255
 -212.86997 -212.86997
 -212.96589 -212.96589
 -213.34689 -213.34689
 -212.79906 -212.79906
 -213.73201 -213.73201
 -212.28765 -212.28765
 -212.98712 -212.98712
 -213.02467 -213.02467
 -212.92983 -212.92983
 -212.95879 -212.95879
 -212.29117 -212.29117
 -213.31026 -213.31026
 -213.09695 -213.09695
 -212.9316 -212.9316
 -212.63669 -212.63669
 -213.69516 -213.69516
 -212.42909 -212.42909
 -213.25142 -213.25142
 -212.81914 -212.81914
 -212.77334 -212.77334
 -212.27178 -212.27178
 -212.62891 -212.62891
 -213.06103 -213.06103
 -212.35168 -212.35168
 -213.31433 -213.31433
 -212.58939 -212.58939
 -213.12813 -213.12813
 -213.04469 -213.04469
 -213.0964 -213.0964
 -212.9056 -212.9056
 -212.85174 -212.85174
 -213.08566 -213.08566
 -212.73763 -212.73763
 -212.8755 -212.8755
 -212.82224 -212.82224
 -213.40549 -213.40549
 -212.32083 -212.32083
 -213.00531 -213.00531
 -212.15861 -212.15861
 -213.53661 -213.53661
 -212.95987 -212.95987
 -213.7938 -213.7938
 -212.95523 -212.95523
 -212.95291 -212.95291
 -213.36699 -213.36699
 -212.65095 -212.65095
 -212.90918 -212.90918
 -212.80284 -212.80284
 -212.99007 -212.99007
 -212.63902 -212.63902
 -213.30756 -213.30756
 -212.24693 -212.24693
 -212.70107 -212.70107
 -213.24455 -213.24455
 -212.28813 -212.28813
 -213.42125 -213.42125
 -212.99763 -212.99763
 -212.70027 -212.70027
 -213.03384 -213.03384
 -213.40753 -213.40753
 -212.28152 -212.28152
 -213.32349 -213.32349
 -213.1743 -213.1743
 -213.00015 -213.00015
 -212.83452 -212.83452
 -212.76669 -212.76669
 -213.47981 -213.47981
 -212.59571 -212.59571
 -213.69912 -213.69912
 -212.82886 -212.82886
 -212.35078 -212.35078
 -213.25764 -213.25764
 -212.95016 -212.95016
 -212.75111 -212.75111
 -213.54289 -213.54289
 -212.70092 -212.70092
 -213.15357 -213.15357
 -212.77451 -212.77451
 -213.25375 -213.25375
 -213.19047 -213.19047
 -213.66148 -213.66148
 -212.40609 -212.40609
 -212.6563 -212.6563
 -213.0856 -213.0856
 -213.07551 -213.07551
 -212.70752 -212.70752
 -213.34622 -213.34622
 -212.85486 -212.85486
 -212.72739 -212.72739
 -213.10392 -213.10392
 -212.08141 -212.08141
 -213.25098 -213.25098
 -212.72531 -212.72531
 -213.07568 -213.07568
 -212.86107 -212.86107
 -213.63638 -213.63638
 -212.59015 -212.59015
 -212.98309 -212.98309
 -212.52943 -212.52943
 -212.97265 -212.97265
 -212.32362 -212.32362
 -213.45686 -213.45686
 -212.6816 -212.6816
 -213.03919 -213.03919
 -212.89763 -212.89763
 -213.38958 -213.38958
 -212.80551 -212.80551
 -213.58647 -213.58647
 -212.43399 -212.43399
 -212.71641 -212.71641
 -212.84415 -212.84415
 -213.67288 -213.67288
 -212.5895 -212.5895
 -212.46433 -212.46433
 -213.22036 -213.22036
 -212.82546 -212.82546
 -212.98151 -212.98151
 -212.79458 -212.79458
 -212.74914 -212.74914
 -213.64396 -213.64396
 -212.53015 -212.53015
 -213.45642 -213.45642
 -213.16721 -213.16721
 -212.95329 -212.95329
 -213.20116 -213.20116
 -213.38211 -213.38211
 -213.06402 -213.06402
 -212.95124 -212.95124
 -213.45931 -213.45931
 -213.21125 -213.21125
 -213.6332 -213.6332
 -212.96108 -212.96108
 -213.05847 -213.05847
 -213.384 -213.384
 -213.12835 -213.12835
 -212.8445 -212.8445
 -213.54454 -213.54454
 -213.51053 -213.51053
 -212.68177 -212.68177
 -213.1904 -213.1904
 -212.54342 -212.54342
 -213.3227 -213.3227
 -213.00084 -213.00084
 -212.93913 -212.93913
 -213.0153 -213.0153
 -213.50874 -213.50874
 -212.90775 -212.90775
 -212.97213 -212.97213
 -213.2034 -213.2034
 -212.95184 -212.95184
 -212.84897 -212.84897
 -213.14755 -213.14755
 -212.47671 -212.47671
 -213.29965 -213.29965
 -212.81443 -212.81443
 -212.3698 -212.3698
 -212.56867 -212.56867
 -212.64784 -212.64784
 -213.23408 -213.23408
 -212.52973 -212.52973
 -213.17578 -213.17578
 -212.5691 -212.5691
 -212.78292 -212.78292
 -213.5847 -213.5847
 -212.55051 -212.55051
 -213.4409 -213.4409
 -212.69995 -212.69995
 -213.00038 -213.00038
 -212.89649 -212.89649
 -213.45314 -213.45314
 -212.64686 -212.64686
 -212.69897 -212.69897
 -212.48609 -212.48609
 -213.38085 -213.38085
 -212.47581 -212.47581
 -212.93683 -212.93683
 -213.66516 -213.66516
 -212.67893 -212.67893
 -213.10144 -213.10144
 -213.48877 -213.48877
 -212.30588 -212.30588
 -213.07405 -213.07405
 -213.60409 -213.60409
 -212.92072 -212.92072
 -213.21891 -213.21891
 -212.96318 -212.96318
 -213.21474 -213.21474
 -212.80255 -212.80255
 -213.60744 -213.60744
 -212.73465 -212.73465
 -213.49115 -213.49115
 -211.89161 -211.89161
 -213.18609 -213.18609
 -212.40828 -212.40828
 -212.90777 -212.90777
 -212.56726 -212.56726
 -212.77101 -212.77101
 -212.98834 -212.98834
 -213.53422 -213.53422
 -212.98785 -212.98785
 -213.10952 -213.10952
 -212.81801 -212.81801
 -212.96168 -212.96168
 -212.54386 -212.54386
 -213.17552 -213.17552
 -213.13862 -213.13862
 -212.76642 -212.76642
 -212.69767 -212.69767
 -213.29721 -213.29721
 -212.47979 -212.47979
 -213.73868 -213.73868
 -213.04191 -213.04191
 -213.36244 -213.36244
 -212.85317 -212.85317
 -213.16138 -213.16138
 -212.29903 -212.29903
 -212.97663 -212.97663
 -212.55427 -212.55427
 -213.12184 -213.12184
 -212.47228 -212.47228
 -212.92589 -212.92589
 -212.4944 -212.4944
 -213.08137 -213.08137
 -212.89917 -212.89917
 -212.81174 -212.81174
 -212.52368 -212.52368
 -213.22647 -213.22647
 -212.99826 -212.99826
 -213.46152 -213.46152
 -212.80945 -212.80945
 -212.72888 -212.72888
 -213.26469 -213.26469
 -213.19622 -213.19622
 -212.91501 -212.91501
 -212.8789 -212.8789
 -213.17907 -213.17907
 -213.04475 -213.04475
 -213.26461 -213.26461
 -212.63985 -212.63985
 -213.27873 -213.27873
 -212.62602 -212.62602
 -212.6113 -212.6113
 -213.4035 -213.4035
 -213.21464 -213.21464
 -213.17494 -213.17494
 -212.65854 -212.65854
 -213.17835 -213.17835
 -212.54271 -212.54271
 -213.65003 -213.65003
 -212.78888 -212.78888
 -213.31335 -213.31335
 -213.05905 -213.05905
 -212.31984 -212.31984
 -213.12467 -213.12467
 -212.82948 -212.82948
 -212.74033 -212.74033
 -213.33978 -213.33978
 -212.62679 -212.62679
 -213.14875 -213.14875
 -212.89853 -212.89853
 -212.87164 -212.87164
 -213.17802 -213.17802
 -212.71077 -212.71077
 -212.85021 -212.85021
 -212.94543 -212.94543
 -213.10459 -213.10459
 -213.91831 -213.91831
 -212.74519 -212.74519
 -212.76226 -212.76226
 -212.61576 -212.61576
 -212.79357 -212.79357
 -213.41527 -213.41527
 -212.60468 -212.60468
 -212.78194 -212.78194
 -212.57115 -212.57115
 -213.14976 -213.14976
 -213.03297 -213.03297
 -213.47397 -213.47397
 -212.77313 -212.77313
 -212.79818 -212.79818
 -212.62056 -212.62056
 -213.00438 -213.00438
 -213.00006 -213.00006
 -213.22907 -213.22907
 -213.30359 -213.30359
 -212.5238 -212.5238
 -212.4539 -212.4539
 -212.97428 -212.97428
 -212.73952 -212.73952
 -213.2713 -213.2713
 -212.55052 -212.55052
 -213.25763 -213.25763
 -213.53875 -213.53875
 -213.12331 -213.12331
 -213.10155 -213.10155
 -212.89776 -212.89776
 -212.70754 -212.70754
 -213.41964 -213.41964
 -213.25429 -213.25429
 -212.87552 -212.87552
 -213.24758 -213.24758
 -213.18924 -213.18924
 -213.20201 -213.20201
 -213.00284 -213.00284
 -212.75941 -212.75941
 -212.53602 -212.53602
 -213.17678 -213.17678
 -212.96829 -212.96829
 -212.82118 -212.82118
 -212.61603 -212.61603
 -212.9335 -212.9335
 -212.53367 -212.53367
 -212.66501 -212.66501
 -212.70845 -212.70845
 -213.23435 -213.23435
 -212.88091 -212.88091
 -212.5911 -212.5911
 -212.92012 -212.92012
 -212.84943 -212.84943
 -212.95787 -212.95787
 -212.9086 -212.9086
 -213.17768 -213.17768
 -213.09033 -213.09033
 -213.05623 -213.05623
 -212.99459 -212.99459
 -212.04488 -212.04488
 -213.19422 -213.19422
 -213.43388 -213.43388
 -212.69911 -212.69911
 -213.51664 -213.51664
 -212.69688 -212.69688
 -213.14161 -213.14161
 -213.00771 -213.00771
 -212.88359 -212.88359
 -212.75437 -212.75437
 -213.39667 -213.39667
 -212.94815 -212.94815
 -212.92305 -212.92305
 -212.80017 -212.80017
 -212.9359 -212.9359
 -212.37174 -212.37174
 -213.54807 -213.54807
 -212.56195 -212.56195
 -212.47449 -212.47449
 -213.1644 -213.1644
 -213.18509 -213.18509
 -213.27244 -213.27244
 -213.2987 -213.2987
 -213.2122 -213.2122
 -213.355 -213.355
 -213.59007 -213.59007
 -213.12292 -213.12292
 -213.39305 -213.39305
 -213.18294 -213.18294
 -212.56996 -212.56996
 -212.85922 -212.85922
 -213.16985 -213.16985
 -212.6048 -212.6048
 -212.80173 -212.80173
 -212.71989 -212.71989
 -213.44924 -213.44924
 -212.83455 -212.83455
 -213.13827 -213.13827
 -213.29034 -213.29034
 -212.38324 -212.38324
 -212.85131 -212.85131
 -213.36999 -213.36999
 -212.92433 -212.92433
 -213.40055 -213.40055
 -212.76844 -212.76844
 -213.42433 -213.42433
 -213.07136 -213.07136
 -212.98058 -212.98058
 -212.88695 -212.88695
 -213.33172 -213.33172
 -212.94832 -212.94832
 -213.47456 -213.47456
 -212.90975 -212.90975
 -212.30713 -212.30713
 -213.50682 -213.50682
 -213.0346 -213.0346
 -212.72139 -212.72139
 -213.13433 -213.13433
 -212.91357 -212.91357
 -213.07067 -213.07067
 -213.14087 -213.14087
 -212.88255 -212.88255
 -213.09322 -213.09322
 -213.28906 -213.28906
 -212.87052 -212.87052
 -213.47923 -213.47923
 -212.87898 -212.87898
 -213.2879 -213.2879
 -213.29457 -213.29457
 -212.4993 -212.4993
 -213.31828 -213.31828
 -212.81029 -212.81029
 -213.11793 -213.11793
 -212.91242 -212.91242
 -213.05462 -213.05462
 -212.03565 -212.03565
 -213.22661 -213.22661
 -213.22799 -213.22799
 -213.26069 -213.26069
 -213.05429 -213.05429
 -212.75485 -212.75485
 -213.54296 -213.54296
 -212.63892 -212.63892
 -213.08395 -213.08395
 -212.71966 -212.71966
 -213.11271 -213.11271
 -212.4422 -212.4422
 -213.50287 -213.50287
 -212.73993 -212.73993
 -213.05363 -213.05363
 -212.88234 -212.88234
 -212.66547 -212.66547
 -213.30543 -213.30543
 -212.68297 -212.68297
 -213.0087 -213.0087
 -212.64802 -212.64802
 -212.73424 -212.73424
 -213.16642 -213.16642
 -213.13182 -213.13182
 -212.7011 -212.7011
 -213.37119 -213.37119
 -212.73741 -212.73741
 -212.92693 -212.92693
 -213.00807 -213.00807
 -213.20678 -213.20678
 -213.42993 -213.42993
 -212.93112 -212.93112
 -213.48271 -213.48271
 -212.24675 -212.24675
 -213.24117 -213.24117
 -213.05281 -213.05281
 -213.36127 -213.36127
 -212.9761 -212.9761
 -212.70546 -212.70546
 -212.76749 -212.76749
 -213.44418 -213.44418
 -213.15114 -213.15114
 -212.7137 -212.7137
 -212.91353 -212.91353
 -212.94353 -212.94353
 -212.83369 -212.83369
 -213.02588 -213.02588
 -213.09612 -213.09612
 -212.67296 -212.67296
 -212.49668 -212.49668
 -213.18641 -213.18641
 -212.86946 -212.86946
 -213.07683 -213.07683
 -212.89441 -212.89441
 -212.80596 -212.80596
 -212.77271 -212.77271
 -212.73219 -212.73219
 -212.40458 -212.40458
 -212.569 -212.569
 -213.36828 -213.36828
 -212.53848 -212.53848
 -212.91599 -212.91599
 -212.64724 -212.64724
 -213.32995 -213.32995
 -212.90562 -212.90562
 -212.54505 -212.54505
 -213.3606 -213.3606
 -213.20483 -213.20483
 -213.88791 -213.88791
 -212.85646 -212.85646
 -212.91115 -212.91115
 -212.71496 -212.71496
 -212.80487 -212.80487
 -212.91954 -212.91954
 -213.361 -213.361
 -212.69376 -212.69376
 -213.29431 -213.29431
 -213.22868 -213.22868
 -212.95939 -212.95939
 -213.33971 -213.33971
 -212.41854 -212.41854
 -213.28713 -213.28713
 -212.37828 -212.37828
 -213.33101 -213.33101
 -212.59646 -212.59646
 -212.88958 -212.88958
 -212.36171 -212.36171
 -213.50359 -213.50359
 -212.60255 -212.60255
 -212.90482 -212.90482
 -212.87251 -212.87251
 -213.38481 -213.38481
 -212.8947 -212.8947
 -213.13321 -213.13321
 -212.79943 -212.79943
 -213.35177 -213.35177
 -212.51124 -212.51124
 -212.78287 -212.78287
 -212.95719 -212.95719
 -213.09937 -213.09937
 -212.58497 -212.58497
 -212.93272 -212.93272
 -212.33401 -212.33401
 -213.12998 -213.12998
 -213.20809 -213.20809
 -213.00457 -213.00457
 -213.04969 -213.04969
 -212.94582 -212.94582
 -213.32704 -213.32704
 -212.4266 -212.4266
 -212.78977 -212.78977
 -212.69074 -212.69074
 -213.36345 -213.36345
 -212.36337 -212.36337
 -213.48 -213.48
 -212.50613 -212.50613
 -212.84514 -212.84514
 -212.69057 -212.69057
 -212.45299 -212.45299
 -213.16824 -213.16824
 -212.87567 -212.87567
 -213.38201 -213.38201
 -212.54525 -212.54525
 -213.37575 -213.37575
 -212.81659 -212.81659
 -213.2753 -213.2753
 -212.96124 -212.96124
 -212.67735 -212.67735
 -212.8791 -212.8791
 -212.60222 -212.60222
 -213.3196 -213.3196
 -213.09642 -213.09642
 -213.3399 -213.3399
 -213.25842 -213.25842
 -213.33021 -213.33021
 -212.67959 -212.67959
 -212.86054 -212.86054
 -212.76178 -212.76178
 -212.17944 -212.17944
 -212.94635 -212.94635
 -212.70628 -212.70628
 -212.76944 -212.76944
 -212.5353 -212.5353
 -212.89297 -212.89297
 -213.34106 -213.34106
 -212.60329 -212.60329
 -213.0221 -213.0221
 -213.81483 -213.81483
 -212.99694 -212.99694
 -212.81814 -212.81814
 -212.78725 -212.78725
 -213.15421 -213.15421
 -212.28959 -212.28959
 -212.42638 -212.42638
 -213.47308 -213.47308
 -212.69417 -212.69417
 -213.17983 -213.17983
 -212.63841 -212.63841
 -212.6892 -212.6892
 -212.9367 -212.9367
 -212.58186 -212.58186
 -213.92556 -213.92556
 -212.64587 -212.64587
 -213.00554 -213.00554
 -212.87966 -212.87966
 -213.07322 -213.07322
 -212.3527 -212.3527
 -213.13233 -213.13233
 -213.43718 -213.43718
 -212.77785 -212.77785
 -213.23405 -213.23405
 -213.4514 -213.4514
 -213.29526 -213.29526
 -212.53608 -212.53608
 -212.93451 -212.93451
 -212.31028 -212.31028
 -213.54341 -213.54341
 -212.5684 -212.5684
 -212.82562 -212.82562
 -212.47514 -212.47514
 -212.98786 -212.98786
 -213.22232 -213.22232
 -213.29676 -213.29676
 -212.87342 -212.87342
 -213.14929 -213.14929
 -213.06094 -213.06094
 -213.17527 -213.17527
 -212.92747 -212.92747
 -213.13429 -213.13429
 -213.03866 -213.03866
 -213.41339 -213.41339
 -213.37226 -213.37226
 -213.01635 -213.01635
 -213.33805 -213.33805
 -213.06906 -213.06906
 -212.97296 -212.97296
 -212.93194 -212.93194
 -213.74992 -213.74992
 -213.19467 -213.19467
 -212.89711 -212.89711
 -213.14881 -213.14881
 -212.74756 -212.74756
 -212.8319 -212.8319
 -213.04502 -213.04502
 -212.34751 -212.34751
 -212.5696 -212.5696
 -213.21076 -213.21076
 -212.72686 -212.72686
 -213.1395 -213.1395
 -213.51604 -213.51604
 -212.64527 -212.64527
 -213.06842 -213.06842
 -212.57155 -212.57155
 -213.15781 -213.15781
 -212.79064 -212.79064
 -212.96083 -212.96083
 -213.07797 -213.07797
 -213.81713 -213.81713
 -212.82013 -212.82013
 -212.72624 -212.72624
 -213.50229 -213.50229
 -212.7908 -212.7908
 -213.03041 -213.03041
 -213.32538 -213.32538
 -213.24346 -213.24346
 -212.5342 -212.5342
 -213.05926 -213.05926
 -213.10027 -213.10027
 -213.39563 -213.39563
 -212.77086 -212.77086
 -212.8361 -212.8361
 -212.96415 -212.96415
 -213.27127 -213.27127
 -213.18166 -213.18166
 -212.20549 -212.20549
 -213.45487 -213.45487
 -212.59825 -212.59825
 -213.40119 -213.40119
 -213.02229 -213.02229
 -212.06564 -212.06564
 -212.90154 -212.90154
 -213.43941 -213.43941
 -213.13177 -213.13177
 -212.95846 -212.95846
 -212.99926 -212.99926
 -212.79112 -212.79112
 -212.69662 -212.69662
 -213.33263 -213.33263
 -211.65705 -211.65705
 -213.26666 -213.26666
 -213.40448 -213.40448
 -212.44957 -212.44957
 -213.01689 -213.01689
 -212.8551 -212.8551
 -212.83086 -212.83086
 -212.73778 -212.73778
 -213.36337 -213.36337
 -212.99339 -212.99339
 -212.40004 -212.40004
 -213.24979 -213.24979
 -212.40895 -212.40895
 -213.48309 -213.48309
 -212.70376 -212.70376
 -213.56416 -213.56416
 -212.49594 -212.49594
 -213.05461 -213.05461
 -212.35351 -212.35351
 -212.96214 -212.96214
 -212.37967 -212.37967
 -212.8062 -212.8062
 -212.92879 -212.92879
 -213.01772 -213.01772
 -212.99401 -212.99401
 -213.59334 -213.59334
 -212.82085 -212.82085
 -213.1718 -213.1718
 -212.48641 -212.48641
 -212.95031 -212.95031
 -213.13873 -213.13873
 -212.88889 -212.88889
 -211.96536 -211.96536
 -213.33455 -213.33455
 -211.95636 -211.95636
 -212.87429 -212.87429
 -212.87931 -212.87931
 -212.72697 -212.72697
 -212.78967 -212.78967
 -213.09022 -213.09022
 -212.51103 -212.51103
 -213.06682 -213.06682
 -212.8874 -212.8874
 -213.12742 -213.12742
 -211.96609 -211.96609
 -212.95481 -212.95481
 -212.80683 -212.80683
 -212.95182 -212.95182
 -212.67972 -212.67972
 -213.6985 -213.6985
 -212.83643 -212.83643
 -213.08497 -213.08497
 -212.7396 -212.7396
 -213.14723 -213.14723
 -213.47486 -213.47486
 -213.3945 -213.3945
 -212.67005 -212.67005
 -213.10235 -213.10235
 -212.57582 -212.57582
 -212.57333 -212.57333
 -212.49882 -212.49882
 -212.56174 -212.56174
 -212.43142 -212.43142
 -213.28924 -213.28924
 -213.55327 -213.55327
 -212.83771 -212.83771
 -212.76705 -212.76705
 -212.76122 -212.76122
 -213.09467 -213.09467
 -213.0075 -213.0075
 -212.83131 -212.83131
 -213.4974 -213.4974
 -212.73419 -212.73419
 -212.48502 -212.48502
 -213.51494 -213.51494
 -213.35694 -213.35694
 -212.3183 -212.3183
 -213.12128 -213.12128
 -213.09899 -213.09899
 -212.79051 -212.79051
 -212.90125 -212.90125
 -213.15375 -213.15375
 -212.8207 -212.8207
 -213.42012 -213.42012
 -212.33577 -212.33577
 -212.6251 -212.6251
 -212.41656 -212.41656
 -213.17801 -213.17801
 -213.13977 -213.13977
 -212.35047 -212.35047
 -213.09245 -213.09245
 -212.64628 -212.64628
 -213.24727 -213.24727
 -212.90841 -212.90841
 -212.98036 -212.98036
 -212.68684 -212.68684
 -212.93872 -212.93872
 -213.05384 -213.05384
 -213.07001 -213.07001
 -212.6513 -212.6513
 -213.22571 -213.22571
 -212.75119 -212.75119
 -213.57422 -213.57422
 -213.18636 -213.18636
 -213.07709 -213.07709
 -213.12716 -213.12716
 -213.34834 -213.34834
 -212.86625 -212.86625
 -212.61319 -212.61319
 -212.92207 -212.92207
 -212.78882 -212.78882
 -211.93682 -211.93682
 -213.18997 -213.18997
 -212.70121 -212.70121
 -212.95468 -212.95468
 -213.31545 -213.31545
 -212.50578 -212.50578
 -212.62051 -212.62051
 -212.55006 -212.55006
 -212.98909 -212.98909
 -212.97554 -212.97554
 -213.15344 -213.15344
 -213.18915 -213.18915
 -212.73955 -212.73955
 -212.90033 -212.90033
 -213.26944 -213.26944
 -212.56842 -212.56842
 -213.00186 -213.00186
 -213.09719 -213.09719
 -212.77711 -212.77711
 -213.14469 -213.14469
 -212.40891 -212.40891
 -212.80731 -212.80731
 -212.89602 -212.89602
 -213.51569 -213.51569
 -212.92414 -212.92414
 -213.79755 -213.79755
 -213.3029 -213.3029
 -213.49019 -213.49019
 -213.03625 -213.03625
 -212.82933 -212.82933
 -213.21662 -213.21662
 -212.62512 -212.62512
 -213.2304 -213.2304
 -212.7747 -212.7747
 -212.61072 -212.61072
 -212.31741 -212.31741
 -213.34744 -213.34744
 -212.9669 -212.9669
 -213.20445 -213.20445
 -213.29497 -213.29497
 -213.12872 -213.12872
 -212.7432 -212.7432
 -213.42569 -213.42569
 -213.03153 -213.03153
 -212.71716 -212.71716
 -212.89709 -212.89709
 -212.96192 -212.96192
 -213.51243 -213.51243
 -212.76409 -212.76409
 -212.97519 -212.97519
 -212.85833 -212.85833
 -213.30311 -213.30311
 -212.98725 -212.98725
 -212.48008 -212.48008
 -213.48505 -213.48505
 -213.18957 -213.18957
 -213.29843 -213.29843
 -213.29048 -213.29048
 -212.93323 -212.93323
 -213.06635 -213.06635
 -212.91107 -212.91107
 -212.91283 -212.91283
 -213.27838 -213.27838
 -212.20579 -212.20579
 -212.62782 -212.62782
 -212.55071 -212.55071
 -212.37599 -212.37599
 -212.55267 -212.55267
 -213.41118 -213.41118
 -212.10883 -212.10883
 -213.21193 -213.21193
 -212.9708 -212.9708
 -213.52234 -213.52234
 -213.00208 -213.00208
 -212.57777 -212.57777
 -212.8946 -212.8946
 -212.22249 -212.22249
 -212.78995 -212.78995
 -212.64024 -212.64024
 -212.82879 -212.82879
 -213.61976 -213.61976
 -212.61199 -212.61199
 -212.93746 -212.93746
 -213.24197 -213.24197
 -213.1982 -213.1982
 -212.90381 -212.90381
 -212.34745 -212.34745
 -212.82628 -212.82628
 -212.99969 -212.99969
 -213.29436 -213.29436
 -213.32974 -213.32974
 -212.18755 -212.18755
 -213.48638 -213.48638
 -212.67289 -212.67289
 -213.47165 -213.47165
 -212.25041 -212.25041
 -212.43938 -212.43938
 -212.91762 -212.91762
 -213.09581 -213.09581
 -213.48312 -213.48312
 -213.05887 -213.05887
 -213.75163 -213.75163
 -212.86484 -212.86484
 -213.30155 -213.30155
 -212.46734 -212.46734
 -212.94561 -212.94561
 -212.65183 -212.65183
 -212.54421 -212.54421
 -213.10118 -213.10118
 -212.75584 -212.75584
 -213.09099 -213.09099
 -212.46746 -212.46746
 -212.99418 -212.99418
 -213.48409 -213.48409
 -212.60611 -212.60611
 -212.70831 -212.70831
 -212.89994 -212.89994
 -213.1586 -213.1586
 -213.51101 -213.51101
 -212.9332 -212.9332
 -213.52663 -213.52663
 -212.40429 -212.40429
 -213.2161 -213.2161
 -212.91195 -212.91195
 -212.87579 -212.87579
 -213.07431 -213.07431
 -213.0137 -213.0137
 -212.92421 -212.92421
 -212.99457 -212.99457
 -213.31959 -213.31959
 -213.04328 -213.04328
 -212.99966 -212.99966
 -213.35381 -213.35381
 -212.88578 -212.88578
 -213.61847 -213.61847
 -212.91431 -212.91431
 -212.95017 -212.95017
 -213.48355 -213.48355
 -212.45613 -212.45613
 -212.88958 -212.88958
 -213.08761 -213.08761
 -213.45373 -213.45373
 -212.84754 -212.84754
 -212.84503 -212.84503
 -212.30905 -212.30905
 -212.65195 -212.65195
 -213.47078 -213.47078
 -212.44237 -212.44237
 -213.54737 -213.54737
 -213.19788 -213.19788
 -212.16241 -212.16241
 -213.16338 -213.16338
 -212.84328 -212.84328
 -212.83387 -212.83387
 -212.49717 -212.49717
 -212.64538 -212.64538
 -212.63734 -212.63734
 -213.14419 -213.14419
 -212.99354 -212.99354
 -212.67891 -212.67891
 -212.99428 -212.99428
 -212.98515 -212.98515
 -213.246 -213.246
 -213.40555 -213.40555
 -213.20286 -213.20286
 -212.79863 -212.79863
 -213.33542 -213.33542
 -213.19714 -213.19714
 -212.81442 -212.81442
 -212.60217 -212.60217
 -212.95039 -212.95039
 -212.74489 -212.74489
 -212.75153 -212.75153
 -213.25227 -213.25227
 -213.03941 -213.03941
 -212.67312 -212.67312
 -212.79906 -212.79906
 -212.3495 -212.3495
 -213.37636 -213.37636
 -212.6041 -212.6041
 -213.00308 -213.00308
 -212.8934 -212.8934
 -212.60214 -212.60214
 -212.9846 -212.9846
 -212.60426 -212.60426
 -212.96022 -212.96022
 -213.20798 -213.20798
 -212.7249 -212.7249
 -212.72216 -212.72216
 -213.37234 -213.37234
 -212.7779 -212.7779
 -212.97183 -212.97183
 -212.31001 -212.31001
 -212.87954 -212.87954
 -212.87021 -212.87021
 -213.30409 -213.30409
 -213.15988 -213.15988
 -213.05663 -213.05663
 -213.11687 -213.11687
 -213.04012 -213.04012
 -213.62231 -213.62231
 -212.82048 -212.82048
 -213.60428 -213.60428
 -212.75444 -212.75444
 -213.17757 -213.17757
 -212.42124 -212.42124
 -213.37202 -213.37202
 -211.44661 -211.44661
 -212.89809 -212.89809
 -212.97638 -212.97638
 -213.0797 -213.0797
 -212.87215 -212.87215
 -212.84305 -212.84305
 -212.50125 -212.50125
 -213.07489 -213.07489
 -212.85297 -212.85297
 -213.42028 -213.42028
 -212.72494 -212.72494
 -213.31634 -213.31634
 -213.09606 -213.09606
 -213.23689 -213.23689
 -212.79631 -212.79631
 -213.17726 -213.17726
 -213.11322 -213.11322
 -212.88226 -212.88226
 -213.13853 -213.13853
 -212.84867 -212.84867
 -213.75621 -213.75621
 -212.76828 -212.76828
 -213.13576 -213.13576
 -211.90488 -211.90488
 -212.91571 -212.91571
 -212.4929 -212.4929
 -213.04065 -213.04065
 -212.70041 -212.70041
 -213.04942 -213.04942
 -212.4309 -212.4309
 -212.74077 -212.74077
 -212.46365 -212.46365
 -212.25258 -212.25258
 -212.77527 -212.77527
 -212.99732 -212.99732
 -212.44389 -212.44389
 -213.29512 -213.29512
 -213.25968 -213.25968
 -213.36796 -213.36796
 -213.05084 -213.05084
 -213.05168 -213.05168
 -212.81007 -212.81007
 -213.41851 -213.41851
 -212.82984 -212.82984
 -213.32055 -213.32055
 -213.24901 -213.24901
 -212.08528 -212.08528
 -212.75343 -212.75343
 -212.77619 -212.77619
 -212.64769 -212.64769
 -212.87729 -212.87729
 -213.40834 -213.40834
 -211.75312 -211.75312
 -213.13051 -213.13051
 -212.84801 -212.84801
 -212.94433 -212.94433
 -212.28152 -212.28152
 -213.09406 -213.09406
 -212.71932 -212.71932
 -213.32983 -213.32983
 -213.19561 -213.19561
 -213.19841 -213.19841
 -212.43306 -212.43306
 -212.92989 -212.92989
 -212.85285 -212.85285
 -212.93307 -212.93307
 -212.95335 -212.95335
 -212.43919 -212.43919
 -212.45852 -212.45852
 -213.41319 -213.41319
 -212.18746 -212.18746
 -213.18859 -213.18859
 -213.0153 -213.0153
 -212.46076 -212.46076
 -213.19479 -213.19479
 -213.08596 -213.08596
 -213.2963 -213.2963
 -212.18553 -212.18553
 -213.32019 -213.32019
 -212.6382 -212.6382
 -212.98869 -212.98869
 -213.72618 -213.72618
 -212.59055 -212.59055
 -213.65187 -213.65187
 -212.81246 -212.81246
 -213.22206 -213.22206
 -213.13942 -213.13942
 -213.04473 -213.04473
 -213.0054 -213.0054
 -212.85446 -212.85446
 -212.61883 -212.61883
 -212.5562 -212.5562
 -213.56327 -213.56327
 -212.58643 -212.58643
 -212.95589 -212.95589
 -212.98118 -212.98118
 -212.68605 -212.68605
 -213.35207 -213.35207
 -213.31042 -213.31042
 -213.08476 -213.08476
 -213.36522 -213.36522
 -212.81341 -212.81341
 -212.37252 -212.37252
 -213.04909 -213.04909
 -212.31957 -212.31957
 -213.12007 -213.12007
 -213.11108 -213.11108
 -212.83752 -212.83752
 -212.72166 -212.72166
 -213.705 -213.705
 -212.63851 -212.63851
 -213.22284 -213.22284
 -212.19249 -212.19249
 -213.33763 -213.33763
 -212.91758 -212.91758
 -212.58807 -212.58807
 -213.01582 -213.01582
 -213.08261 -213.08261
 -212.93075 -212.93075
 -212.76092 -212.76092
 -212.16753 -212.16753
 -213.26947 -213.26947
 -213.19474 -213.19474
 -213.46543 -213.46543
 -212.20983 -212.20983
 -212.61247 -212.61247
 -213.08876 -213.08876
 -212.56308 -212.56308
 -213.39636 -213.39636
 -213.40228 -213.40228
 -212.7852 -212.7852
 -213.08578 -213.08578
 -212.7279 -212.7279
 -213.32339 -213.32339
 -212.26278 -212.26278
 -212.97973 -212.97973
 -212.8182 -212.8182
 -212.88738 -212.88738
 -213.21831 -213.21831
 -212.88979 -212.88979
 -213.21598 -213.21598
 -212.91304 -212.91304
 -212.57367 -212.57367
 -212.88097 -212.88097
 -213.24644 -213.24644
 -212.90007 -212.90007
 -213.00273 -213.00273
 -212.67344 -212.67344
 -213.38046 -213.38046
 -213.13476 -213.13476
 -212.32922 -212.32922
 -213.34983 -213.34983
 -212.83037 -212.83037
 -213.15666 -213.15666
 -212.62284 -212.62284
 -213.0623 -213.0623
 -212.88334 -212.88334
 -213.16328 -213.16328
 -212.5845 -212.5845
 -213.29832 -213.29832
 -212.65181 -212.65181
 -212.70347 -212.70347
 -212.79443 -212.79443
 -212.59508 -212.59508
 -213.33718 -213.33718
 -212.68354 -212.68354
 -212.83857 -212.83857
 -213.02157 -213.02157
 -212.70558 -212.70558
 -213.33019 -213.33019
 -212.95373 -212.95373
 -213.60918 -213.60918
 -212.79619 -212.79619
 -212.48234 -212.48234
 -212.65234 -212.65234
 -212.57123 -212.57123
 -212.66286 -212.66286
 -212.71392 -212.71392
 -212.41028 -212.41028
 -213.07932 -213.07932
 -212.54205 -212.54205
 -212.90049 -212.90049
 -212.24413 -212.24413
 -213.36789 -213.36789
 -212.62755 -212.62755
 -213.3034 -213.3034
 -212.13933 -212.13933
 -213.51374 -213.51374
 -212.45355 -212.45355
 -212.87378 -212.87378
 -212.87191 -212.87191
 -212.81076 -212.81076
 -213.28602 -213.28602
 -213.07259 -213.07259
 -212.83793 -212.83793
 -212.66857 -212.66857
 -213.43939 -213.43939
 -213.23729 -213.23729
 -212.73836 -212.73836
 -213.10261 -213.10261
 -212.86739 -212.86739
 -212.97492 -212.97492
 -212.59383 -212.59383
 -213.2228 -213.2228
 -212.83756 -212.83756
 -212.18963 -212.18963
 -213.1139 -213.1139
 -212.89586 -212.89586
 -213.07826 -213.07826
 -213.0563 -213.0563
 -212.27007 -212.27007
 -212.81364 -212.81364
 -213.11606 -213.11606
 -212.40647 -212.40647
 -212.97281 -212.97281
 -212.73939 -212.73939
 -212.95534 -212.95534
 -212.32512 -212.32512
 -213.3877 -213.3877
 -212.84197 -212.84197
 -212.4048 -212.4048
 -213.04081 -213.04081
 -212.6463 -212.6463
 -213.42836 -213.42836
 -212.87913 -212.87913
 -212.70866 -212.70866
 -212.26031 -212.26031
 -212.62345 -212.62345
 -212.68407 -212.68407
 -212.8053 -212.8053
 -213.48773 -213.48773
 -212.61642 -212.61642
 -212.4675 -212.4675
 -213.3088 -213.3088
 -212.3421 -212.3421
 -212.65321 -212.65321
 -212.70399 -212.70399
 -212.77783 -212.77783
 -212.75107 -212.75107
 -212.57511 -212.57511
 -213.04693 -213.04693
 -212.70033 -212.70033
 -212.65864 -212.65864
 -213.33213 -213.33213
 -212.23345 -212.23345
 -213.38985 -213.38985
 -213.35435 -213.35435
 -213.15995 -213.15995
 -212.81685 -212.81685
 -213.54954 -213.54954
 -212.48729 -212.48729
 -213.03496 -213.03496
 -212.80335 -212.80335
 -212.91055 -212.91055
 -213.36687 -213.36687
 -212.88607 -212.88607
 -213.3317 -213.3317
 -213.03925 -213.03925
 -213.04186 -213.04186
 -213.19137 -213.19137
 -212.64028 -212.64028
 -212.69128 -212.69128
 -212.70787 -212.70787
 -212.82749 -212.82749
 -212.74247 -212.74247
 -212.67243 -212.67243
 -213.01644 -213.01644
 -213.46381 -213.46381
 -212.84963 -212.84963
 -213.46953 -213.46953
 -213.17789 -213.17789
 -212.77504 -212.77504
 -213.03692 -213.03692
 -212.76122 -212.76122
 -212.66543 -212.66543
 -212.77655 -212.77655
 -213.18126 -213.18126
 -212.51057 -212.51057
 -212.99897 -212.99897
 -212.50064 -212.50064
 -212.90958 -212.90958
 -213.23292 -213.23292
 -212.43359 -212.43359
 -213.43152 -213.43152
 -212.76115 -212.76115
 -213.09784 -213.09784
 -213.05931 -213.05931
 -212.64616 -212.64616
 -212.70731 -212.70731
 -212.7335 -212.7335
 -212.30787 -212.30787
 -212.98233 -212.98233
 -212.59981 -212.59981
 -213.40657 -213.40657
 -213.49828 -213.49828
 -212.84614 -212.84614
 -213.37707 -213.37707
 -213.03342 -213.03342
 -212.39071 -212.39071
 -212.98876 -212.98876
 -212.37169 -212.37169
 -213.31639 -213.31639
 -213.11165 -213.11165
 -213.12116 -213.12116
 -212.35298 -212.35298
 -213.40129 -213.40129
 -213.30054 -213.30054
 -213.23623 -213.23623
 -213.31139 -213.31139
 -212.62059 -212.62059
 -213.34081 -213.34081
 -212.66764 -212.66764
 -212.90937 -212.90937
 -212.52401 -212.52401
 -213.34467 -213.34467
 -212.82575 -212.82575
 -213.16717 -213.16717
 -212.77263 -212.77263
 -212.86343 -212.86343
 -213.27431 -213.27431
 -213.41323 -213.41323
 -213.07983 -213.07983
 -213.29852 -213.29852
 -212.92692 -212.92692
 -212.64418 -212.64418
 -212.89002 -212.89002
 -213.51094 -213.51094
 -212.93027 -212.93027
 -213.00842 -213.00842
 -212.44835 -212.44835
 -213.17641 -213.17641
 -213.39545 -213.39545
 -212.23263 -212.23263
 -213.08754 -213.08754
 -212.99545 -212.99545
 -213.02249 -213.02249
 -212.98253 -212.98253
 -213.09972 -213.09972
 -213.22685 -213.22685
 -212.8156 -212.8156
 -213.08895 -213.08895
 -213.25585 -213.25585
 -212.80358 -212.80358
 -213.01968 -213.01968
 -212.7864 -212.7864
 -213.08513 -213.08513
 -212.93003 -212.93003
 -213.40519 -213.40519
 -212.6849 -212.6849
 -212.73473 -212.73473
 -213.06181 -213.06181
 -212.96966 -212.96966
 -213.21157 -213.21157
 -213.78361 -213.78361
 -212.77217 -212.77217
 -212.41508 -212.41508
 -213.85249 -213.85249
 -213.28193 -213.28193
 -213.00397 -213.00397
 -212.45225 -212.45225
 -213.17152 -213.17152
 -212.84028 -212.84028
 -213.5702 -213.5702
 -212.31613 -212.31613
 -213.09659 -213.09659
 -212.09521 -212.09521
 -212.72854 -212.72854
 -212.68232 -212.68232
 -212.87302 -212.87302
 -213.44669 -213.44669
 -211.75052 -211.75052
 -213.22062 -213.22062
 -212.40567 -212.40567
 -213.02744 -213.02744
 -212.90071 -212.90071
 -211.91023 -211.91023
 -213.49278 -213.49278
 -212.6734 -212.6734
 -213.33057 -213.33057
 -212.86933 -212.86933
 -212.70687 -212.70687
 -213.20476 -213.20476
 -212.21954 -212.21954
 -212.72684 -212.72684
 -212.76997 -212.76997
 -213.09127 -213.09127
 -213.07502 -213.07502
 -212.7437 -212.7437
 -212.35605 -212.35605
 -213.26127 -213.26127
 -213.099 -213.099
 -212.60127 -212.60127
 -213.29261 -213.29261
 -211.95978 -211.95978
 -213.28044 -213.28044
 -213.26173 -213.26173
 -212.78414 -212.78414
 -213.16648 -213.16648
 -212.99831 -212.99831
 -213.18475 -213.18475
 -212.84513 -212.84513
 -213.14405 -213.14405
 -213.05482 -213.05482
 -212.97972 -212.97972
 -213.30266 -213.30266
 -213.07779 -213.07779
 -213.08323 -213.08323
 -212.84367 -212.84367
 -212.38473 -212.38473
 -213.29899 -213.29899
 -211.85325 -211.85325
 -212.65736 -212.65736
 -212.62447 -212.62447
 -212.77606 -212.77606
 -212.74942 -212.74942
 -212.08807 -212.08807
 -212.5019 -212.5019
 -212.96464 -212.96464
 -213.24291 -213.24291
 -212.90923 -212.90923
 -212.38254 -212.38254
 -213.32366 -213.32366
 -212.82231 -212.82231
 -212.87153 -212.87153
 -212.88986 -212.88986
 -212.55402 -212.55402
 -213.26076 -213.26076
 -213.35813 -213.35813
 -213.26095 -213.26095
 -213.07339 -213.07339
 -213.05327 -213.05327
 -212.21028 -212.21028
 -212.71521 -212.71521
 -212.6468 -212.6468
 -212.86803 -212.86803
 -213.08048 -213.08048
 -213.66211 -213.66211
 -212.76106 -212.76106
 -213.04207 -213.04207
 -212.95051 -212.95051
 -213.2849 -213.2849
 -212.8859 -212.8859
 -213.18478 -213.18478
 -212.402 -212.402
 -213.26981 -213.26981
 -212.80101 -212.80101
 -212.68638 -212.68638
 -213.22913 -213.22913
 -213.63765 -213.63765
 -212.51186 -212.51186
 -213.30938 -213.30938
 -213.30169 -213.30169
 -212.4155 -212.4155
 -213.55084 -213.55084
 -212.4288 -212.4288
 -212.88636 -212.88636
 -213.83844 -213.83844
 -212.55992 -212.55992
 -213.24351 -213.24351
 -212.86469 -212.86469
 -213.29666 -213.29666
 -212.33688 -212.33688
 -212.90827 -212.90827
 -212.7997 -212.7997
 -213.16521 -213.16521
 -212.97493 -212.97493
 -212.97393 -212.97393
 -212.68004 -212.68004
 -211.95842 -211.95842
 -213.17937 -213.17937
 -212.61325 -212.61325
 -213.51533 -213.51533
 -213.05324 -213.05324
 -212.60005 -212.60005
 -212.85044 -212.85044
 -213.14441 -213.14441
 -213.01481 -213.01481
 -212.96317 -212.96317
 -213.46492 -213.46492
 -212.73254 -212.73254
 -213.1533 -213.1533
 -212.93137 -212.93137
 -212.81751 -212.81751
 -213.13949 -213.13949
 -212.99699 -212.99699
 -212.53365 -212.53365
 -212.4815 -212.4815
 -212.92462 -212.92462
 -212.70333 -212.70333
 -213.05416 -213.05416
 -212.96819 -212.96819
 -213.75576 -213.75576
 -213.19467 -213.19467
 -212.97212 -212.97212
 -213.18175 -213.18175
 -212.88941 -212.88941
 -212.54543 -212.54543
 -212.73824 -212.73824
 -212.30453 -212.30453
 -213.08274 -213.08274
 -212.98761 -212.98761
 -213.11701 -213.11701
 -213.05616 -213.05616
 -212.92003 -212.92003
 -213.13421 -213.13421
 -212.9043 -212.9043
 -213.4453 -213.4453
 -212.49013 -212.49013
 -213.00658 -213.00658
 -212.56173 -212.56173
 -213.08684 -213.08684
 -212.17569 -212.17569
 -212.90677 -212.90677
 -212.55284 -212.55284
 -213.53699 -213.53699
 -212.96404 -212.96404
 -213.11777 -213.11777
 -212.74102 -212.74102
 -212.91404 -212.91404
 -212.6077 -212.6077
 -212.81154 -212.81154
 -212.54702 -212.54702
 -213.56469 -213.56469
 -212.40343 -212.40343
 -213.03063 -213.03063
 -213.05782 -213.05782
 -213.6458 -213.6458
 -213.51665 -213.51665
 -212.70251 -212.70251
 -213.06469 -213.06469
 -212.26262 -212.26262
 -212.68784 -212.68784
 -213.55688 -213.55688
 -212.87236 -212.87236
 -213.05204 -213.05204
 -212.77992 -212.77992
 -212.94753 -212.94753
 -212.73976 -212.73976
 -213.30414 -213.30414
 -212.47343 -212.47343
 -212.881 -212.881
 -213.04577 -213.04577
 -213.22588 -213.22588
 -213.31567 -213.31567
 -213.31888 -213.31888
 -213.27776 -213.27776
 -213.15117 -213.15117
 -212.87421 -212.87421
 -212.56351 -212.56351
 -213.63895 -213.63895
 -212.475 -212.475
 -213.31147 -213.31147
 -212.62126 -212.62126
 -213.76941 -213.76941
 -212.51556 -212.51556
 -214.07997 -214.07997
 -212.93401 -212.93401
 -212.70321 -212.70321
 -213.48844 -213.48844
 -212.88021 -212.88021
 -213.00759 -213.00759
 -213.34311 -213.34311
 -212.53991 -212.53991
 -212.93582 -212.93582
 -213.09056 -213.09056
 -213.05363 -213.05363
 -213.06204 -213.06204
 -213.21859 -213.21859
 -212.76095 -212.76095
 -212.6903 -212.6903
 -212.78829 -212.78829
 -212.38874 -212.38874
 -213.04649 -213.04649
 -212.74204 -212.74204
 -213.00287 -213.00287
 -212.87158 -212.87158
 -212.71036 -212.71036
 -213.24975 -213.24975
 -212.48067 -212.48067
 -212.61739 -212.61739
 -212.56338 -212.56338
 -213.01289 -213.01289
 -212.42174 -212.42174
 -213.49567 -213.49567
 -213.19386 -213.19386
 -213.18961 -213.18961
 -213.55516 -213.55516
 -211.91872 -211.91872
 -213.09846 -213.09846
 -212.6655 -212.6655
 -213.65934 -213.65934
 -212.87408 -212.87408
 -213.27266 -213.27266
 -213.44231 -213.44231
 -212.62833 -212.62833
 -212.78996 -212.78996
 -213.14574 -213.14574
 -213.07784 -213.07784
 -213.11432 -213.11432
 -213.21749 -213.21749
 -213.07676 -213.07676
 -213.30939 -213.30939
 -213.15414 -213.15414
 -212.27536 -212.27536
 -213.68859 -213.68859
 -212.93674 -212.93674
 -212.43395 -212.43395
 -213.63054 -213.63054
 -213.09447 -213.09447
 -213.50787 -213.50787
 -212.98553 -212.98553
 -212.41663 -212.41663
 -213.07026 -213.07026
 -213.13881 -213.13881
 -212.75456 -212.75456
 -213.46419 -213.46419
 -213.011 -213.011
 -213.08443 -213.08443
 -212.79984 -212.79984
 -213.13312 -213.13312
 -212.18716 -212.18716
 -212.8507 -212.8507
 -212.73261 -212.73261
 -212.69362 -212.69362
 -212.75016 -212.75016
 -212.73129 -212.73129
 -212.93733 -212.93733
 -212.22138 -212.22138
 -213.37042 -213.37042
 -212.79705 -212.79705
 -212.85801 -212.85801
 -213.23931 -213.23931
 -213.29845 -213.29845
 -213.59759 -213.59759
 -212.75005 -212.75005
 -212.66739 -212.66739
 -213.6636 -213.6636
 -212.86195 -212.86195
 -213.05706 -213.05706
 -212.67727 -212.67727
 -212.96709 -212.96709
 -213.08547 -213.08547
 -212.59911 -212.59911
 -213.36504 -213.36504
 -212.65052 -212.65052
 -213.27394 -213.27394
 -212.92732 -212.92732
 -213.23554 -213.23554
 -213.0868 -213.0868
 -213.10503 -213.10503
 -212.53595 -212.53595
 -213.31732 -213.31732
 -212.87235 -212.87235
 -213.00939 -213.00939
 -212.74035 -212.74035
 -212.62909 -212.62909
 -213.31282 -213.31282
 -212.94999 -212.94999
 -213.24727 -213.24727
 -212.92009 -212.92009
 -212.80314 -212.80314
 -212.06947 -212.06947
 -212.66102 -212.66102
 -213.02152 -213.02152
 -212.83777 -212.83777
 -213.16376 -213.16376
 -212.39327 -212.39327
 -213.11426 -213.11426
 -213.11902 -213.11902
 -212.70533 -212.70533
 -213.09375 -213.09375
 -212.8328 -212.8328
 -212.94141 -212.94141
 -212.74569 -212.74569
 -212.40077 -212.40077
 -213.78452 -213.78452
 -212.7479 -212.7479
 -212.85851 -212.85851
 -213.27435 -213.27435
 -212.35214 -212.35214
 -213.41974 -213.41974
 -212.89037 -212.89037
 -212.82842 -212.82842
 -212.68014 -212.68014
 -212.67032 -212.67032
 -212.78943 -212.78943
 -212.5612 -212.5612
 -213.19462 -213.19462
 -213.03163 -213.03163
 -212.91899 -212.91899
 -213.12189 -213.12189
 -213.05641 -213.05641
 -212.68419 -212.68419
 -212.72222 -212.72222
 -213.33913 -213.33913
 -212.96636 -212.96636
 -212.94636 -212.94636
 -212.53954 -212.53954
 -213.5586 -213.5586
 -212.71948 -212.71948
 -212.91946 -212.91946
 -212.91331 -212.91331
 -213.27559 -213.27559
 -213.26803 -213.26803
 -212.92028 -212.92028
 -212.85874 -212.85874
 -213.07962 -213.07962
 -213.28687 -213.28687
 -212.88258 -212.88258
 -213.48781 -213.48781
 -213.07683 -213.07683
 -213.51727 -213.51727
 -212.80055 -212.80055
 -212.94723 -212.94723
 -212.58047 -212.58047
 -212.96499 -212.96499
 -212.96876 -212.96876
 -213.15163 -213.15163
 -212.77231 -212.77231
 -212.97312 -212.97312
 -212.49769 -212.49769
 -213.3257 -213.3257
 -212.64259 -212.64259
 -213.39112 -213.39112
 -211.76125 -211.76125
 -213.04095 -213.04095
 -212.4016 -212.4016
 -212.85134 -212.85134
 -212.72695 -212.72695
 -212.91688 -212.91688
 -213.2112 -213.2112
 -212.79028 -212.79028
 -212.36903 -212.36903
 -213.02119 -213.02119
 -213.59587 -213.59587
 -212.9173 -212.9173
 -212.5543 -212.5543
 -213.02839 -213.02839
 -212.69348 -212.69348
 -213.38552 -213.38552
 -213.04276 -213.04276
 -213.36136 -213.36136
 -213.53065 -213.53065
 -212.83978 -212.83978
 -213.06296 -213.06296
 -212.98057 -212.98057
 -213.04617 -213.04617
 -212.97759 -212.97759
 -213.48891 -213.48891
 -212.50588 -212.50588
 -213.13191 -213.13191
 -213.04879 -213.04879
 -212.7335 -212.7335
 -213.31167 -213.31167
 -213.29327 -213.29327
 -213.28094 -213.28094
 -213.16045 -213.16045
 -212.84069 -212.84069
 -212.73856 -212.73856
 -212.55148 -212.55148
 -212.65532 -212.65532
 -213.02653 -213.02653
 -213.17913 -213.17913
 -212.7087 -212.7087
 -213.47498 -213.47498
 -212.76173 -212.76173
 -213.10994 -213.10994
 -212.55956 -212.55956
 -213.6535 -213.6535
 -212.98811 -212.98811
 -212.81664 -212.81664
 -213.27217 -213.27217
 -212.72239 -212.72239
 -212.73013 -212.73013
 -213.2446 -213.2446
 -212.82442 -212.82442
 -212.675 -212.675
 -212.50955 -212.50955
 -212.99442 -212.99442
 -213.20635 -213.20635
 -213.29387 -213.29387
 -212.64222 -212.64222
 -213.64917 -213.64917
 -212.9073 -212.9073
 -212.5103 -212.5103
 -213.28962 -213.28962
 -213.09865 -213.09865
 -212.96807 -212.96807
 -213.19343 -213.19343
 -213.55788 -213.55788
 -212.52544 -212.52544
 -213.19936 -213.19936
 -213.3406 -213.3406
 -213.23153 -213.23153
 -213.08738 -213.08738
 -213.30221 -213.30221
 -212.45187 -212.45187
 -213.76119 -213.76119
 -213.18318 -213.18318
 -213.15832 -213.15832
 -213.03838 -213.03838
 -213.00779 -213.00779
 -213.04113 -213.04113
 -212.75207 -212.75207
 -213.23999 -213.23999
 -213.08205 -213.08205
 -212.48275 -212.48275
 -213.60464 -213.60464
 -213.39673 -213.39673
 -213.09703 -213.09703
 -212.98807 -212.98807
 -213.1175 -213.1175
 -213.06227 -213.06227
 -212.7546 -212.7546
 -212.72453 -212.72453
 -213.17548 -213.17548
 -213.59297 -213.59297
 -212.59297 -212.59297
 -212.86042 -212.86042
 -212.93049 -212.93049
 -212.77698 -212.77698
 -212.81195 -212.81195
 -213.32327 -213.32327
 -213.55432 -213.55432
 -212.89358 -212.89358
 -213.01011 -213.01011
 -212.58812 -212.58812
 -212.44449 -212.44449
 -213.48693 -213.48693
 -213.0407 -213.0407
 -213.34493 -213.34493
 -212.70775 -212.70775
 -213.33654 -213.33654
 -212.96532 -212.96532
 -213.02642 -213.02642
 -212.86745 -212.86745
 -212.99028 -212.99028
 -212.51709 -212.51709
 -213.04847 -213.04847
 -213.13987 -213.13987
 -212.64239 -212.64239
 -212.98742 -212.98742
 -212.69573 -212.69573
 -213.56925 -213.56925
 -212.31646 -212.31646
 -213.30885 -213.30885
 -212.87904 -212.87904
 -212.92171 -212.92171
 -213.13562 -213.13562
 -213.07146 -213.07146
 -212.97409 -212.97409
 -213.21704 -213.21704
 -212.48365 -212.48365
 -213.23444 -213.23444
 -213.15766 -213.15766
 -213.33868 -213.33868
 -213.59966 -213.59966
 -212.97221 -212.97221
 -213.05523 -213.05523
 -212.36486 -212.36486
 -212.6545 -212.6545
 -212.52316 -212.52316
 -212.32699 -212.32699
 -213.8271 -213.8271
 -212.5989 -212.5989
 -212.81223 -212.81223
 -212.55448 -212.55448
 -213.15856 -213.15856
 -212.79009 -212.79009
 -212.41961 -212.41961
 -213.00247 -213.00247
 -213.44128 -213.44128
 -213.13876 -213.13876
 -213.90529 -213.90529
 -213.23852 -213.23852
 -212.76795 -212.76795
 -212.69718 -212.69718
 -213.84987 -213.84987
 -213.10501 -213.10501
 -212.94357 -212.94357
 -212.39741 -212.39741
 -212.39921 -212.39921
 -213.16499 -213.16499
 -212.57612 -212.57612
 -213.23049 -213.23049
 -212.76405 -212.76405
 -213.42789 -213.42789
 -213.5051 -213.5051
 -213.16103 -213.16103
 -213.36439 -213.36439
 -212.51673 -212.51673
 -213.49867 -213.49867
 -213.32616 -213.32616
 -213.04643 -213.04643
 -212.67074 -212.67074
 -212.57951 -212.57951
 -213.25937 -213.25937
 -211.96975 -211.96975
 -213.17905 -213.17905
 -212.75451 -212.75451
 -213.35959 -213.35959
 -212.68258 -212.68258
 -213.00607 -213.00607
 -213.30589 -213.30589
 -212.61269 -212.61269
 -213.00246 -213.00246
 -213.54705 -213.54705
 -212.58316 -212.58316
 -212.69942 -212.69942
 -213.4716 -213.4716
 -212.99166 -212.99166
 -213.29708 -213.29708
 -212.70269 -212.70269
 -212.9078 -212.9078
 -212.9689 -212.9689
 -212.58993 -212.58993
 -213.73927 -213.73927
 -213.10994 -213.10994
 -212.71767 -212.71767
 -212.83811 -212.83811
 -213.22833 -213.22833
 -212.98247 -212.98247
 -213.6096 -213.6096
 -213.11582 -213.11582
 -212.74923 -212.74923
 -211.91705 -211.91705
 -212.7441 -212.7441
 -212.88471 -212.88471
 -212.93071 -212.93071
 -212.79697 -212.79697
 -212.64582 -212.64582
 -212.82817 -212.82817
 -213.45325 -213.45325
 -212.96152 -212.96152
 -213.25979 -213.25979
 -212.95863 -212.95863
 -212.45404 -212.45404
 -213.16221 -213.16221
 -212.59459 -212.59459
 -213.04931 -213.04931
 -213.03012 -213.03012
 -213.72023 -213.72023
 -213.15366 -213.15366
 -213.38382 -213.38382
 -212.69983 -212.69983
 -212.88435 -212.88435
 -212.49423 -212.49423
 -213.27894 -213.27894
 